"NUMOVER","LOWINC","PERASIAN","PERBLACK","PERHISP","PERMINTE","AVYRSEXP","AVSAL","PERPSPEN","PTRATIO","PCTAF","PCTCHRT","PCTYRRND","PERMINTE_AVYRSEXP","PERMINTE_AVSAL","AVYRSEXP_AVSAL","PERSPEN_PTRATIO","PERSPEN_PCTAF","PTRATIO_PCTAF","PERMINTE_AVYRSEXP_AVSAL","PERSPEN_PTRATIO_PCTAF"
,34.4,23.3,14.24,11.41,15.92,14.71,59157.32,4445.21,21.71,57.03,0,22.22,234.1,941687.99,869994.81,96506.56,253522.43,1238.2,13848896.92,5504034.98
,17.37,29.33,8.23,9.31,13.64,16.08,59503.97,5267.6,20.44,64.62,0,0,219.32,811417.74,957016.51,107684.35,340406.12,1321.07,13050225.13,6958847.22
,32.64,9.23,42.41,13.54,28.83,14.6,60569.92,5482.92,18.95,53.94,0,0,420.85,1746494.63,884053.62,103924.36,295759.28,1022.43,25491116.52,5605878.2
,11.91,13.88,3.8,11.44,11.11,14.39,58334.11,4165.09,21.64,49.06,0,7.14,159.88,648156.76,839392.01,90113.41,204343.77,1061.45,9326577.9,4421056.82
,12.93,7.17,4.83,13.24,6.19,17.47,65570.86,5382.01,20.68,34.83,0,0,108.07,405592.95,1145593.51,111317.88,187463.22,720.43,7086145.41,3877364.36
,36.89,12.19,76.88,7.6,43.59,13.91,63153.64,4324.9,18.78,52.38,0,0,606.15,2752851.02,878194.44,81220.97,226542.49,983.71,38280270.36,4254431.91
,20.93,28.02,4.64,13.81,15.38,14.98,66970.55,3916.1,24.52,44.92,0,2.38,230.33,1029905.7,1003054.52,96019.5,175894.89,1101.3,15425460.01,4312790.95
,53.27,8.45,19.37,37.91,25.53,14.68,57621.95,4270.9,22.21,32.29,0,12.12,374.67,1470830.5,845791.43,94868.63,137903.87,717.23,21589270.74,3063228.1
,15.19,3.67,2.65,13.09,6.2,13.66,63447.4,4309.73,24.59,30.45,0,0,84.75,393564.68,866816.62,105977.49,131242.93,748.84,5376870.02,3227298.01
,32.78,17.18,12.48,28.32,27.26,12.52,57801.41,4648.92,20.26,26.07,0,0,341.26,1575659.97,723594.93,94187.53,121201.87,528.2,19725116.06,2455562.3
,28.22,10.43,6.79,32.33,13.46,16.42,57845.64,4527.6,21.74,22.65,0,0,221.01,778691.31,949686.81,98436.34,102530.93,492.35,12784245.48,2229163.74
,59.97,17.52,50.94,23.1,52.34,16.93,57434.44,4693.07,21.31,19.53,3.3,13.19,886.32,3006316.42,972527.92,100032.24,91665.8,416.33,50905459.19,1953846.17
,0,19.75,1.86,2.59,7.41,15.87,52193.46,5248.69,18.51,80.38,0,0,117.55,386618.2,828298.99,97162.87,421888.61,1487.98,6135548.11,7809926.81
,4.7,8.74,1.75,6.93,7.13,16.18,67367.55,4607.67,24.65,39.63,0,0,115.34,480187.98,1090125.54,113584.03,182621.2,977.02,7770286.89,4501806.12
,28.12,12.69,19.27,26.84,13.37,14.43,57240.45,3980.59,21.9,31.66,0,9.09,192.94,765424.6,825901.86,87168.68,126018.66,693.27,11044036.56,2759611.44
,36.99,10.03,15.42,30.74,13.51,13.3,58413.74,4197.62,23.13,31.15,0,0,179.62,789030.89,776758.7,97088.46,130759.05,720.5,10492165.51,3024382.56
,20.26,0.49,0.8,5.98,2.44,15.31,51311.63,4025.59,24.82,36.19,0,91.67,37.34,125150.32,785555.06,99926.96,145702.43,898.44,1915987.96,3616759.2
,42.67,2.84,0.95,23.88,10.64,11.84,55990.32,5151.63,17.91,24.44,0,0,125.95,595641.69,662904.25,92276.39,125928.65,437.85,7052172.88,2255645
,33.13,6.31,2.77,12.87,6.17,14.6,58558.6,4004.4,22.73,49.66,4.35,26.09,90.13,361472.82,855039.75,91020.34,198839.22,1128.67,5278023.13,4519630.63
,29.39,1.07,0.77,9.72,4.48,14.05,53772.3,4518.03,21.19,51.02,0,0,62.89,240771.49,755246.47,95714.85,230511.96,1080.87,3381700.59,4883410.86
,52.99,6.22,0.33,38.73,7.62,14.17,50695.12,4114.06,20.41,23.28,0,0,107.99,386248.56,718550.13,83973.66,95758.4,475.09,5474667.65,1954559.29
,35.09,0.83,0.39,4.62,4.14,14.3,55278.74,4148.23,21.92,25,23.08,15.38,59.14,228596.31,790608.26,90926.95,103705.69,547.99,3269432.65,2273173.68
,37.2,0.57,1.11,6.32,5.36,13.6,50668.49,3975.45,24.87,22.98,0,8.33,72.87,271438.36,689216.8,98866.12,91350.72,571.46,3692232.85,2271817.16
,54.27,0.55,0.55,40.75,7.41,14.87,52537,4205.36,19.45,36.28,0,0,110.16,389162.96,781280.49,81773.75,152583.94,705.53,5787262.9,2967012.2
,65.82,0.26,3.87,58.89,6.56,10.93,46291.79,4469.8,19.53,37.93,0,0,71.65,303552.7,505807.91,87274.96,169544.04,740.62,3316773.19,3310429.41
,78.54,1.28,0,78.42,20.83,11.48,49267.19,3893.34,21.12,19.23,0,0,239.12,1026399.84,565483.15,82239.39,74871.87,406.21,11780898.93,1581526.74
,30.08,3.63,10.5,20.94,8.67,13.69,62341.19,4011.39,23.89,23.85,0,72.22,118.64,540233.18,853518.15,95828.3,95689.5,569.86,7396374.64,2285931.15
,28.25,6.89,19.82,16.78,12.75,15.92,59176.53,4225.74,22.18,18,0,0,202.85,754210.67,941826.79,93742.91,76063.29,399.31,12003674.76,1687372.39
,22.33,2.52,3.31,14.03,10.31,16.16,59230.72,4114.42,21.74,34.43,0,0,166.57,610626,956982.38,89461.08,141643.89,748.54,9865797.76,3079807.74
,22.62,7.7,4.9,16.78,9.42,15.32,57128.58,3928.7,22.14,37.64,0,0,144.37,538241.86,875420.04,86987.69,147869.72,833.37,8247845.32,3274075.39
,51.78,4.6,27.8,35.1,30.02,15.97,58788.93,4049.18,22.87,85.11,0,8.33,479.64,1765126.7,939146.72,92616.9,344632.51,1946.76,28197705.46,7882778.23
,1.9,9.93,1.63,4.28,4.5,15.92,59976.94,4035.19,23.35,50.75,0,0,71.71,270103.99,955054.29,94209.04,204765.79,1184.74,4301052.81,4780640.88
,51.24,13.02,35.1,25.53,25.83,17.19,62664.1,4347.94,22.87,36.5,0,8.47,443.96,1618418.22,1077181.68,99439.48,158699.67,834.77,27820244.78,3629541.01
,42.51,6.25,0.41,10.18,8.08,14.71,58233.81,4733.28,20.67,15.5,0,0,118.81,470350.02,856589.25,97854.11,73384.19,320.52,6918605.45,1517118.02
,30.17,0.8,0.52,2.25,1.9,14.23,51822.37,4030.98,21.47,32.46,0,0,27.11,98709.28,737552.97,86556.98,130830,696.93,1404862.79,2809305.54
,45.42,1.5,0.9,26.27,5.34,14.36,55740.14,4323.75,21.53,86.72,0,0,76.64,297545.22,800262.78,93110.24,374964.56,1867.52,4271865.35,8074705.1
,49.25,10.15,7.87,42.32,16.54,10.08,54568.74,4006.12,22.59,37.67,0,76.92,166.73,902536.42,550102.09,90505.17,150897.12,850.96,9098380.56,3409028.17
,23.43,11.75,2.87,19.03,15.94,11.88,53158.07,4242.7,22.71,40.51,0,0,189.4,847560.71,631459.55,96331.26,171856.29,919.7,10068091.35,3902025.74
,57.92,0.87,0.65,68.74,18.93,11.2,61085.44,4258.43,24.48,14.84,0,0,212.03,1156647.46,684027,104240.29,63174.44,363.14,12951990.56,1546421.92
,87.84,0.41,1.22,90.45,32.41,10.38,51400.56,4317.73,20.49,30.85,0,0,336.25,1665758.74,533312.11,88472.7,133206.51,632.16,17283262.68,2729476.87
,60.6,7.2,0.85,72.34,24.76,11.84,51537.34,3807.79,21.07,38.79,0,0,293.09,1276162.78,610012.73,80230.28,147715.98,817.37,15105077.09,3112381.48
,62.02,19.65,11.32,45.24,23.4,14.68,61095.31,4685.64,22.26,27.48,0,31.11,343.58,1429926.34,896876.4,104301.15,128740.82,611.6,20991255.88,2865735.81
,86.55,1.71,0.2,92.24,26.09,14.58,62758.26,5242.8,21.72,19.18,0,0,380.37,1637172.02,915056.89,113879.56,100546.86,416.57,23871049.24,2183991.64
,69.5,5.35,0.31,70.43,22.64,12.32,54546.01,4283.1,22.15,40,0,60,279.01,1235004.06,672178.06,94888.85,171324.05,886.17,15219125.81,3795553.89
,63.17,1.41,0.6,71.36,16.79,14.46,55184.78,4478.66,22.26,16.79,0,6.25,242.84,926661.67,798054.06,99679.32,75181.3,373.61,13400907.85,1673274.02
,35.6,2.52,0.38,67.74,7.91,15.35,54702.22,6836.69,21.14,41.58,71.43,0,121.44,432895.29,839414.43,144557.47,284262.54,879.16,6642848,6010547.42
,72.92,1.24,0.56,70.05,3.92,11.56,39728.35,3899.13,18.24,13.04,0,0,45.32,155797.46,459165.49,71106.57,50858.24,237.87,1800648.98,927477.04
,87.78,0.53,0.58,97.77,40,12.21,60303.18,3933.78,25.64,47.17,0,0,488.3,2412127,736152.63,100852.22,185555.54,1209.32,29446105.19,4757180.1
,91.6,0.21,0.11,98.82,62.18,11.93,55527.29,4223.13,21.69,13.39,0,40,741.71,3452957.79,662303.81,91585.01,56530.04,290.29,41185279.09,1225941.06
,64.85,0.67,3.07,64.51,14.93,11.37,47732.57,3511.9,21.49,10.67,0,0,169.69,712426.38,542680.06,75466.24,37460.27,229.21,8099702.33,804973.23
,57,4.32,0.59,70.66,23.48,14,52155.26,4382.06,21.71,23.02,0,0,328.83,1224640.01,730404.59,95141.27,100889.32,499.87,17150383.96,2190461.71
,69.65,3.97,1.02,76.71,27.6,13.01,53531.64,4180.04,22.5,14.69,0,0,359.13,1477473.15,696547.19,94055.12,61412.86,330.58,19224702.54,1381852.41
,21.6,0.54,0.29,7.48,1.53,17.11,62522.82,5879.97,19.49,26.37,0,0,26.13,95454.69,1069916.59,114571.82,155076.02,513.89,1633460.44,3021674.41
,44.97,1.35,0.83,33.19,5.93,16.25,55653.81,4602.9,20.86,49.19,0,0,96.42,330149.69,904557.14,95995.3,226433.15,1025.95,5366016.91,4722349.26
,53.13,21.75,0.91,20.75,4.65,15.74,60020.66,4325.15,24.48,47.12,0,0,73.19,279165.87,944490.1,105884.66,203781.27,1153.44,4392977.21,4988796.29
,11.72,0.5,0,4.67,0,15.51,54645.67,4893.86,20.32,34.15,0,0,0,0,847674.24,99450.72,167107.3,693.91,0,3395878.27
,76.32,0,0.66,2.84,30,14.79,65665.47,5770.57,19.65,25.93,0,0,443.57,1969964.14,970899.6,113389.51,149607.26,509.43,29126987.9,2939727.98
,33.92,0.71,1.17,2.99,0,15.79,56055.94,4427.87,21.32,44.71,0,0,0,0,885269.72,94382.02,197951.92,952.93,0,4219431.63
,54.26,0.52,0.28,80.21,35.04,14.96,66530.25,4304.72,23.78,33.9,0,0,524.12,2331401.85,995060.02,102369.36,145922.55,806.13,34869624.74,3470147.81
,43.95,1.43,0.06,97.52,70.1,14.59,67370.06,4266.62,23.57,15.83,0,0,1022.6,4722618.58,982777.49,100572.33,67522.17,373.04,68892375.78,1591626.35
,74.3,0.42,5.56,71.59,40.58,12.22,53519.74,4518.24,20.63,29.41,0,0,495.77,2171815.5,653855.4,93188.77,132889.51,606.62,26533262.41,2740846.13
,62.1,1.55,2.94,82.64,33.41,15.21,66125.09,4453.16,23.32,31.3,0,0,508.09,2209430.24,1005518.13,103853.96,139396.85,730.03,33597264.6,3250927.73
,63.92,0.4,0.15,70.47,26.88,11.61,56622.57,4245.81,21.69,32.14,0,0,312.02,1522112.09,657218.7,92071.02,136472.5,697.02,17667169.3,2959425.73
,39.94,0.75,2.69,60.78,24.53,9.22,51167.03,3708.86,20.86,34.92,0,0,226.27,1255040.32,472004.71,77355.21,129515.73,728.34,11577474.09,2701293.14
,76.83,0,3.01,31.1,20.41,15.32,60141.08,5355.16,18.99,19.35,0,0,312.62,1227369.01,921272.27,101703.98,103648.27,367.58,18801474.95,1968464.09
,25.59,0.76,0.51,11.01,5.45,16.51,59805.55,4349.22,23.45,40.72,0,0,90.05,326212.07,987384.61,101990.77,177094.05,954.86,5385734.25,4152917.64
,68.64,0.78,1.73,76.89,31.82,12.21,58861.69,3714.92,25.99,14.04,0,0,388.55,1872871.89,718797.21,96554.35,52139.23,364.79,22870820.43,1355148.84
,37.83,0.36,0.86,13.69,8.33,10.38,55942.07,4098.99,24.92,0,0,0,86.51,466183.89,580758.57,102154.07,0,0,4839654.74,0
,81.96,0.31,0.23,92.02,31.9,13.13,55369.86,4428.05,22.51,23.68,0,0,418.88,1766107.67,727142.65,99668.95,104874.77,533.1,23193343.07,2360580.28
,40.6,1.11,14.87,24.54,7.63,15.24,63042.2,4572.62,24.42,32.48,0,37.5,116.27,480830.36,961032.67,111663.18,148537.18,793.26,7329910.22,3627275.4
,31.86,2.01,12.44,7.48,9.85,15.33,63498,5767.59,20.31,32.8,0,0,150.94,625359.09,973212.68,117123.79,189177.07,666.08,9584670.33,3841660.3
,32.6,2.23,4.8,10.9,5.63,14.35,62453.15,4537.57,22.04,38.66,0,0,80.78,351557.44,896266.18,100015.14,175435.09,852.19,5045206.99,3866864.54
,49.35,1.7,8.22,31.98,9.46,13.08,58159.2,4284.44,23.43,15.49,0,33.33,123.77,550154.62,760970.09,100371.7,66378.72,362.95,7198365.68,1555054.58
,51.46,0.36,0.76,17.77,2.74,14.44,62633.1,5763.7,21.06,17.79,0,0,39.55,171597.52,904232.11,121363.82,102544.38,374.63,2477348.24,2159233.66
,25,0.42,2.72,17.4,4.52,14.79,60455.09,4308.13,22.87,29.73,0,0,66.92,273552.45,894130.79,98534.01,128079.48,679.97,4045840.67,2929389.51
,65.89,0.47,4.4,78.92,21.1,14.93,61803.9,4139.94,24.51,14.02,0,0,315.09,1304119.04,922898.66,101477.06,58021.84,343.54,19474008.39,1422216.42
,64.28,0.46,4.05,79.38,17.36,15.32,66404.19,4605.86,22.68,15.58,0,0,265.89,1152850.6,1017010.42,104444.12,71779.66,353.4,17656430.93,1627700.57
,86.49,0,0.73,89.97,15.6,11.06,57641.57,4543.49,21.75,26.19,0,0,172.51,898996.94,637553.55,98833.53,118996.23,569.72,9943495.71,2588497.23
,45.57,0.95,1.34,22.09,7.21,14.76,54040.6,4832.32,20.08,50.94,0,0,106.36,389481.83,797521.1,97049.09,246174.77,1023.11,5747899.79,4944010.06
,73.61,0.83,5.97,9.6,6.33,13.78,54439.95,4354.39,20.61,10.61,0,100,87.23,344556.64,750318.6,89756.57,46182.9,218.62,4748851.91,951963.64
,46.3,0.66,1.87,15.67,3.45,15.13,58962.14,4361.36,21.42,28.42,0,0,52.18,203317.72,892174.57,93407.49,123954.48,608.7,3076464.04,2654739.29
,26.8,0.72,0.36,8.69,1.2,11.3,50096.41,3932.39,19.15,40.7,0,0,13.61,60357.12,565847.03,75307.17,160039.11,779.38,681743.41,3064826.7
,52.92,1.73,2.85,8.26,6.25,14.99,59995.4,5022.53,21.9,37.7,0,0,93.67,374971.22,899155.13,109991.28,189374.2,825.72,5619719.59,4147212.28
,41.97,0,0.57,9.14,3.03,17.9,55176.85,5259.96,18.97,18.18,0,0,54.26,167202.57,987902.06,99757.83,95635.6,344.83,2993642.61,1813778.65
,30.51,32.47,10.4,32.66,36,15.26,59289.09,4219.66,22.58,49.73,0,3.33,549.33,2134647.63,904606.97,95266.48,209854.99,1122.8,32569520.71,4737851.59
,28.17,1.44,1.72,11.92,7.45,11.73,58880.17,3806.89,24.82,0,0,0,87.34,438469.35,690548.84,94495.55,0,0,5142384.96,0
,8.36,52.59,1.21,9.89,8.9,15.98,64415.47,4166.22,24.27,60.84,0,27.27,142.25,573331.37,1029488.85,101133.29,253473.14,1476.87,9162989.78,6152960.28
,70.74,0.96,3.15,78.94,25.96,14.5,64611.03,4379.24,23.98,19.42,0,11.11,376.33,1677026.84,936785.66,105022.41,85064.43,465.83,24314959.91,2040003.6
,62.87,4.72,1.79,85.47,27.21,15.06,67839.96,3819.12,27.51,26.77,0,0,409.87,1846062.3,1021812.64,105046.43,102244.1,736.37,27805586.13,2812266.61
,79.68,2.1,2.1,89.14,45.6,14.4,62084.61,4432.06,23.56,20.99,0,0,656.63,2831058.12,894007.23,104417.95,93018.65,494.46,40766729.64,2191487.94
,49.17,5.58,18.16,38.48,12.27,13.04,58550.52,3988.18,23.89,18,0,7.14,160.09,718670.66,763632.09,95258.63,71776.49,429.87,9373101.44,1714397.47
,9.73,10.94,3.57,4.1,10.82,18.2,62455.76,6015.76,17.72,61.88,0,0,196.92,675750.82,1136694.78,106627.44,372281.35,1096.88,12298664.88,6598571.94
,25.84,5.87,4.82,27.58,9.5,16.89,62021.76,4054.14,24.11,51.76,0,0,160.49,589280.34,1047672.26,97762.42,209861.14,1248.27,9954130.77,5060642.85
,37.68,5.69,2.77,36.96,13.17,14.47,62400.44,4138.2,23.96,32.43,0,5.26,190.51,821605.73,902895.81,99141.5,134197.97,776.93,11888128.16,3215069.69
,23.95,5.27,4.87,36.62,11.76,15.32,61534.67,4024.87,24.12,38.73,0,0,180.27,723937.24,942867.35,97091.95,155865.26,934.17,11092557.09,3759933.28
,20.81,10.11,12,20.87,11.71,13.91,61447.66,4401.15,21.54,53.17,0,0,162.84,719482.07,854598.45,94809.64,234007.86,1145.38,10006374.28,5041003.2
,78.42,0.05,35.73,62.93,80.17,14.79,58991.42,3743.13,28.1,41.79,0,2.56,1186.04,4729632.86,872668.85,105181.71,156421.65,1174.27,69966161.05,4395443.86
,37.64,8.55,5.8,50.83,14.26,13.9,62290.03,4265.81,24.26,42.08,0,0,198.22,888251.29,865860.13,103473.13,179524.07,1020.82,12347102.87,4354607.79
,33.51,10.2,17.91,36.81,18.65,15.39,62132.02,4282.61,22.96,41.18,0,0,286.94,1158811.48,955902.21,98317.19,176342.87,945.3,17828334.83,4048354.77
,42.84,5.6,4.8,63.34,14.6,12.29,64631.93,3979.22,25.14,23.27,0,0,179.48,943592.84,794551.44,100043.56,92585.8,584.98,11600040.35,2327746.14
,61.4,2.78,13.21,61.96,30,16.07,59303.74,4179.7,25.23,15.02,0,0,482.05,1779112.17,952917.45,105434.03,62762.24,378.78,28587523.39,1583194.75
,68.09,0.68,0.58,94.48,51.81,16.27,65653,4338.24,22.5,33.67,0,0,843.24,3401778.43,1068455,97588.92,146068.79,757.41,55361478.85,3285822.38
,13.8,6.32,3.4,14.87,4.76,11.93,57362.05,4718.11,21.29,38.99,0,0,56.8,273152.61,684194.98,100442.74,183976.8,830.13,3258071.32,3916634.99
,50.67,12.13,1.12,23.87,12.24,13.22,73039.01,4224.94,26.67,26.39,0,34.48,161.82,893966.99,965654.94,112679.92,111481.52,703.73,11819214.1,2973234.88
,14.83,4.12,1.29,16.57,6.33,14.99,63784.61,4130.35,24.9,33.6,0,0,94.89,403700.05,956300.64,102848.36,138779.76,836.66,6052535.69,3455704.93
,40.24,16.4,2.54,67.98,28.9,17.39,62325.3,4103.14,25.06,38.68,0,0,502.74,1801429.04,1084059.27,102808.52,158703.2,969.13,31333274.5,3976477.85
,69.01,0.19,43.09,55.37,63.44,15.02,63040.99,3748.33,27.4,38.89,0,57.89,952.84,3999261.47,946864.72,102714.53,145768.38,1065.66,60068212.73,3994453.91
,1.42,26.2,0.54,3.06,8.21,15.03,63791.63,4705.51,21.6,66.18,0,0,123.29,523418.51,958519.77,101621.25,311418.92,1429.28,7864777.57,6725479.01
,2.97,7.57,1.37,4.98,7.02,17.01,64749.85,4414.05,24.24,60.62,0,0,119.47,454854.28,1101201.44,106992.74,267593.97,1469.45,7735712.6,6486245.2
,64.24,14.17,20.34,40.49,29.11,13.31,59298.18,4210.31,22.98,41.38,2.33,19.77,387.43,1726095.77,789246.6,96766.02,174215.11,951,22973981.1,4004006.09
,73.18,4.31,13.8,68.52,45.46,20.55,73073.07,4365.28,23.42,49.31,2.32,32.2,934.04,3322003.32,1501340.49,102238.91,215235.07,1154.8,68253020.72,5041009.6
,59.3,0.22,12.06,86.53,52.49,15.79,67063.02,4064.95,27.06,15.08,0,50,828.93,3519945.67,1059127.06,109996.08,61318.8,408.19,55590545.67,1659262.84
,7.2,7,1.82,8.66,7.94,15.22,64224.89,5093.93,21.59,43.09,0,0,120.77,509721.34,977322.18,109963.17,219494.46,930.18,7756525.21,4738250.39
,56.9,1.92,14.06,48.08,17.54,14.43,57193.3,4017.3,22.55,25.95,0,11.11,253.09,1003391.2,825063.58,90609.12,104239.04,585.24,14474799.59,2351082.16
,75.03,4.88,0.45,90.52,59.53,16.92,67605.91,3810.29,28,28.54,0,25,1007.45,4024566.78,1144122.31,106671.89,108751.89,799.05,68109379.91,3044593.56
,44.02,4.94,5.02,62.98,29.22,15.62,60665.56,3616.5,25.63,21.51,0,7.14,456.45,1772649.21,947661.48,92675.88,77786.19,551.18,27690690.53,1993334.51
,1.94,30.03,1.72,3.94,7.47,18.94,59821.21,3946.79,24.11,89.13,0,0,141.58,447117.32,1133185.68,95174.44,351778.91,2149.33,8469686.75,8482939.24
,58.23,1.78,14.61,75.71,35.25,11.8,63190.71,4370.21,24.51,5.43,0,73.33,415.98,2227374.56,745742.45,107095.61,23733.38,133.08,26286263.51,581605.39
,61.88,2.22,32.01,47.11,42.18,14.27,64584.04,4443.6,23.87,39.66,0,0,602.09,2724423.04,921807.24,106055.98,176211.7,946.46,38885658.72,4205668.23
,73.51,6.39,11.23,71.2,48.7,16.68,65628.77,4007.19,26.04,8.28,0,23.68,812.46,3196027.46,1094909.01,104364.04,33168.24,215.57,53320506.02,863840.97
,25.64,7.28,5.19,23.18,10.25,16.51,68096.37,5006.78,22.48,51.54,0,0,169.15,697882.05,1123944.77,112528.38,258052.32,1158.39,11518688.6,5799781.95
,33.85,18.78,6.69,55.35,29.18,16.17,62277.31,4369.67,24.45,30.26,0,0,471.97,1817400.8,1007217.1,106819.94,132234.58,739.77,29393002.06,3232572.38
,53.46,36.4,1.89,43.48,22.07,14.12,57663.26,3814.97,23.17,0,11.11,0,311.64,1272381.75,814382.63,88380.23,0,0,17969945.39,0
,0.27,63.2,0.49,3.35,6.94,15.91,57543.38,4619.28,22.18,78.19,0,0,110.47,399606.77,915392.05,102443.37,361178.01,1734.03,6356889.22,8009975.29
,26.09,5.53,8.62,27.08,22.27,15.87,65963.43,5063.35,22.32,65.11,0,0,353.46,1468768.17,1047103.68,112990.08,329656.41,1452.87,23315230.95,7356375.38
,11.68,32.09,4.47,18.21,13.02,16.2,61169.62,4043.5,22.99,64.07,0,0,210.84,796290.93,990730.51,92963.82,259083.43,1473.12,12897083.58,5956570.61
,27.32,38.11,1.45,20.37,7.36,13.79,59417.3,4035.89,23.65,31.56,0,0,101.47,437270.2,819216.07,95444.58,127392.84,746.48,6028862.82,3012707.05
,17.7,28.48,4,15.83,19.66,13.32,59555.29,3822.1,23.78,45.96,0,0,261.81,1170693.67,793193.71,90901.95,175650.88,1093,15592013.45,4177545.4
,6.2,42.31,5.72,18.18,17.74,14.82,60555.24,3982.78,24.25,57.79,0,0,262.93,1074037.13,897697.94,96585.84,230146.82,1401.35,15922007.33,5581258.12
,47.31,9.44,9.12,58.16,17.52,13.9,56841.37,3907.34,24.42,29.06,0,0,243.59,995873.09,790287.75,95427.57,113554.21,709.77,13846011.84,2773295.6
,59.29,0.94,2.52,41.63,6.67,12.21,53265.82,3873.24,23.55,25.41,0,0,81.37,355105.46,650131.52,91220.58,98418.39,598.44,4334210.1,2317900.02
,60.02,1.15,3.54,67.35,26.83,14.05,56274.59,4064.56,23.46,31.99,0,45,377.08,1509806.03,790930.83,95347.72,130041.64,750.53,21220095.51,3050559.41
,14.79,4.89,2.77,11.11,3.56,16.62,53794.99,4365.51,20.4,48.09,6.25,12.5,59.21,191636.09,894082.34,89040.56,209916.14,980.76,3185026.14,4281524.74
,34.77,7.88,5.2,36.18,8.54,15.19,53336.38,4458.97,20.97,53.59,0,0,129.68,455310.57,810240.27,93490.38,238968.68,1123.67,6916685.27,5010412.63
,0,0.48,0.48,28.69,7.41,13.73,60992.5,6459.38,16.41,26,0,0,101.68,451796.3,837192.44,105968.48,167943.99,426.54,6201425.47,2755180.53
,27,0.51,0.29,6.21,1.46,15.6,51692.82,4183.6,21.54,29.8,0,0,22.77,75463.98,806327.8,90108.38,124676.92,641.87,1177120.87,2685349.07
,55.93,0.84,1.34,45.38,0,12.76,48855.96,6406.86,14.32,44.74,0,0,0,0,623206.59,91720.88,286622.78,640.45,0,4103302.56
,37.3,1.16,0.42,19.68,2.27,17.13,56336.78,4990.49,19.47,25.9,0,0,38.93,128038.14,965090.92,97179.1,129250.03,504.33,2193388.45,2516868.73
,56.33,0.52,0.69,3.97,4.65,12.5,48867.6,6578.05,15.73,34.21,0,0,58.13,227291.18,610741.08,103492.41,225038.67,538.23,2840656.21,3540529.87
,46.93,0.97,1.11,22.82,4.85,17.4,64535.71,4838.43,21.34,33.33,0,36.36,84.37,312900.42,1123018.11,103275.75,161281.04,711.5,5444936.27,3442524.85
,46.54,0.85,0.69,11.58,2.99,17.47,56568.13,4611.98,20.83,26.38,0,0,52.16,168860.08,988358.31,96058.58,121665.62,549.45,2950323.32,2534060.71
,60.92,0.16,6.31,61.7,15.44,11.49,54802.7,4751,18.81,19.59,0,0,177.44,846218.14,629756.78,89376.62,93093.9,368.62,9724185.56,1751298.68
,52.41,0.61,0.96,50.44,8.33,11.99,53609.9,4080.97,21.16,49.28,0,0,99.91,446749.19,642761.85,86344.02,201091.07,1042.56,5356348.73,4254633.1
,37.79,1.59,0.29,17.33,11.71,13.42,58102.55,4361.62,22.79,20.8,0,16.67,157.14,680480.31,779565.6,99384.36,90721.68,473.95,9130047.52,2067194.74
,41.43,0.92,0,84.13,25.58,12.77,55709.23,4140.53,22.19,24.74,0,0,326.71,1425119.9,711486.48,91858.72,102446.03,548.91,18200817.04,2272793.11
,50.93,1.24,4.86,53.18,12.17,12.08,55074.62,4075.19,21.77,33.94,0,50,146.96,670109.49,665199.95,88718,138291.59,738.77,8093687.61,3010646.77
,33.28,0.75,0.75,10.42,1.61,11.68,55854.74,4786.68,19.23,32.79,0,0,18.84,90088.29,652432.67,92045.61,156940.3,630.48,1052310.76,3017888.93
,64.85,0,0,52.38,4.76,12.96,50840.07,4851.06,18.4,45.71,0,0,61.69,242095.58,658649.35,89264.19,221762.88,841.19,3136425.48,4080648.72
,45.93,0.31,0.78,14.11,2.22,14.03,52320.31,6283.43,14.67,76.92,0,0,31.19,116267.36,734279.66,92176.09,483340.97,1128.44,1631732.58,7090468.84
,21.84,0.58,0.08,21.82,4.84,14.98,60159.44,4806.48,20.59,42.86,0,0,72.51,291094.04,901480.03,98985.8,205992.13,882.61,4362000.12,4242248.7
,10.71,2.98,1.31,7.54,4.8,17.29,69887.39,5676.65,20.68,55.92,0,0,83.01,335459.48,1208648.69,117384.87,317444.32,1156.37,5801513.69,6564285.36
,67.27,0.27,0.41,86.51,24.19,11.89,58893.12,4200.85,24.91,11.3,0,0,287.58,1424833.57,700053.23,104637.5,47487.89,281.58,16936771.69,1182858.74
,40.13,8.81,15.64,25.23,17.66,19.47,61011.63,4496.24,20.61,28.91,0,95.24,343.82,1077285.21,1188013.39,92654.26,129977.05,595.71,20976806.84,2678442.18
,40.67,1.84,1.29,49.24,20.16,14.69,56619.21,4356.07,21.58,60.6,0,0,296.03,1141335.92,831472.67,94002.18,263968.51,1307.68,16760911.59,5696327.6
,14.28,4.71,1.89,7.09,2.94,17.54,63909.55,4756.38,22.63,48.18,0,0,51.59,187969.26,1121098.06,107646.99,229139.69,1090.31,3297347.23,5185913.16
,45.67,0.68,0.34,47.1,4.55,13.51,54344.89,4650.72,20.97,50,0,0,61.41,247022.21,734265.96,97543.7,232536.23,1048.69,3337572.54,4877185.15
,32.71,1.4,1.78,26.49,6.39,15.48,54785.13,3912.95,21.84,29.25,3.33,0,98.87,349996.29,847847.73,85452.57,114463.83,638.83,5416497.89,2499707.97
,34.43,0.74,0.43,37.45,14.63,15.65,51434.44,4386.96,21.2,44.14,0,0,228.99,752699.11,804834.67,93012.52,193658.57,935.95,11778068.37,4105957.89
,16.16,8.4,2.18,21.63,4.9,15.23,57193.42,3825.95,25.23,40.72,0,0,74.58,280131.06,870899.87,96520.19,155793.62,1027.28,4265632.03,3930323.57
,17.34,4.71,1.58,16.95,9.39,12.7,60779.38,3802.97,23,44.83,0,10.53,119.28,570835.87,771893.1,87470.04,170470.53,1031.01,7249567.92,3920895.28
,48.16,28.71,1.29,44.05,11.49,15.68,65184.42,3835.55,24.67,20.38,0,0,180.06,748716.04,1021867.26,94635.35,78173.47,502.87,11737288.66,1928791.35
,10.52,25.16,3.04,7.41,9.26,16.1,62550.98,4352.49,22.66,0,0,9.68,149,578954.65,1006930.61,98619.39,0,0,9319873.04,0
,9.32,1.88,1.22,9.22,7.62,16.91,70274.37,4481.47,24.26,74.29,0,0,128.81,535423.78,1188087.35,108736.54,332909.5,1802.44,9052094.12,8077571.7
,11.6,8.99,3.11,11.54,10.13,15.09,67284.94,4726.53,23.2,49.59,0,10,152.94,681820.73,1015536.42,109649.77,234398.84,1150.48,10290769.05,5437769.97
,39.03,4.68,1.24,34.12,4.43,16,60202.04,4349.23,22.48,42.87,0,0,70.83,266501.64,963302.81,97782.71,186457.99,963.87,4264337.09,4192089.98
,36.02,10.88,2.09,36.82,9.42,16.82,56415.11,3586.94,25.45,47.33,2.56,12.82,158.49,531660.73,948770.72,91283.28,169770.58,1204.5,8941294.74,4320461.15
,21.01,8.12,1.89,25.92,11.4,15.15,63101.53,4172.24,24.72,36.56,0,0,172.71,719194.86,956178.98,103125.94,152544.43,903.7,10897976.52,3770464.12
,10.53,8.4,2.17,14.81,6.06,14.98,60372.21,3840.87,22.19,53.79,0,0,90.72,365640.34,904369.87,85232.68,206607.41,1193.7,5477257.33,4584826.46
,73.28,4.41,1.08,90.79,26.49,14.97,69824.54,4102.14,25.03,21.73,0,56.25,396.54,1849479.17,1045337.94,102685.66,89137,543.93,27688413.87,2231294.14
,29.87,8.28,4.66,41.68,5.26,13.01,57831.15,3629.53,24.17,39.6,0,0,68.5,304374.45,752621.44,87723.8,143712.59,957,3961165.48,3473456.87
,17.14,3.54,1.37,6.66,4.65,11.19,52654.82,3596.1,23.04,0,0,0,52.06,244906.15,589333.17,82865.92,0,0,2741084.51,0
,23.36,0.63,0.43,17.71,6.62,13.59,49513.03,4638.1,19.68,44.13,0,0,89.96,327659.73,673059.76,91270.43,204686.01,868.44,4454071.93,4027897.09
,28.66,0.56,1.44,17.42,4.88,13.33,42658.39,3503.7,24.27,27.46,62.5,0,65.04,208089.71,568752.68,85029.78,96215.53,666.44,2774403.33,2335014.82
,36.66,0.66,1.22,6.86,2.72,16.15,56500.13,4912.7,21.23,33.19,0,0,43.9,153532.95,912705.71,104306.93,163068.67,704.76,2480178.56,3462288.94
,42.29,4.02,7.22,47.16,17.24,13.01,62390.71,3758.2,25.18,41.67,0,70.59,224.26,1075701.81,811520.76,94638.76,156591.57,1049.25,13991737.29,3943281.78
,75.53,13.37,13.85,36.7,20.3,13.82,60074.78,4456.32,21.9,41.82,0,12.5,280.45,1219339.61,830073.27,97591.93,186355.28,915.8,16848021.83,4081117.09
,58.75,1.15,3.43,34.65,9.03,15.97,59270.44,4070.74,24.76,26.25,0,12.5,144.14,535080.4,946321.31,100776.32,106856.91,649.85,8543178.49,2645378.35
,85.51,0.14,0.28,96.17,36.47,11.92,61385.59,4099.01,25.28,13.55,0,0,434.69,2238445.4,731763.44,103621.55,55528.49,342.46,26683991.1,1403740.26
,41.51,3.6,4.64,41.78,11.37,13.54,64063.46,4083.55,25.23,34.64,0,34.29,154.03,728607.14,867609.74,103032.72,141443.16,873.94,9867507.54,3568771.89
,55.99,1.26,2.47,60.04,15.81,12.69,64123.52,3937.21,25.21,43.17,4.35,0,200.57,1013717.38,813558.52,99271.92,169976.28,1088.53,12861403.03,4285748.23
,62.41,1.44,2.67,29.23,9.03,15.5,59735.05,3916.54,24.52,21.43,0,5.26,140.04,539603.49,926043.51,96023.92,83925.79,525.38,8365210.81,2057655.52
,50.21,1.39,5.3,53.25,23.79,13.28,62068.72,3826.46,24.67,26.38,0,4.17,315.82,1476600.23,823981.31,94385.96,100955.45,650.79,19602321.6,2490234.47
,38.12,1.79,4.07,30.11,11.42,13.05,62326.66,3960.63,25.4,25.38,0,83.33,149.06,711688.45,813596.34,100587.97,100533.99,644.66,9290200.43,2553255.18
,43.07,3.27,23.68,35.35,23.12,14.01,58401.16,4173.92,24.09,25.59,2.86,22.86,324.01,1350443.83,818313.67,100558.87,106820.64,616.58,18922340.31,2573544.49
,18.22,2.11,3.44,17.85,15.19,9.22,59134.67,3774.6,25.86,38.26,0,100,140.07,898454.96,545180.05,97616.77,144403.62,989.37,8283122.31,3734491.63
,62.5,1.16,5.94,53.49,8.93,13.07,57242.97,4143.37,24.2,13.75,0,9.52,116.76,511370.56,748167,100273.83,56988.08,332.86,6683625.16,1379170.77
,55.91,0.63,10.52,52.08,10.8,14.11,61885.48,4694.47,22.2,20.93,0,0,152.33,668081.89,873220,104197.65,98256.42,464.56,9426806.8,2180881.14
,47.23,3.6,10.33,40.11,21.75,10.98,61445.65,4384.2,23.57,33.77,0,19.05,238.72,1336301.56,674465.79,103329.26,148065.37,795.97,14668080,3489682.75
,64.18,1.01,3.85,50.82,7.45,13.12,58040.66,3564.45,26.02,11.93,12.5,25,97.7,432217.66,761482.47,92752.75,42530.36,310.49,5670614.13,1106708.96
,18.17,1.96,3.83,17.78,8.1,12.19,64156.11,3664.27,25.55,25.87,6.25,81.25,98.75,519531.56,782373.97,93621.24,94787.41,660.92,6335608.42,2421799.31
,54.84,1.9,23.58,45.82,21.24,10.91,58447.44,3799.08,25.54,31.8,0,0,231.67,1241361.5,637532.5,97034.12,120818.72,812.27,13540513.34,3085890.71
,29.31,7.97,13.87,10.29,10.7,13.23,55944.13,3811.05,22.29,78.97,0,42.86,141.58,598579.14,740275.49,84946.41,300951.91,1760.16,7920643.08,6708069.48
,36.94,15.21,19.09,16.27,17.4,12.28,58331.63,3762.58,23.12,29.58,0,33.33,213.69,1015221.57,716189.12,86979.53,111297.79,683.8,12464774.81,2572867.76
,26.11,5.31,9.91,8.67,9.72,14.26,51104.65,3845.85,22.2,27.71,4.35,30.43,138.67,496850.79,728915.4,85369.21,106565.3,615.08,7086677.53,2365511.71
,33.12,1.77,1.18,35.73,9.17,11.77,51742.2,4581.19,22.21,23.98,0,0,107.92,474303.54,609138.02,101763.48,109874.05,532.76,5583765.15,2440668.86
,37.96,6.23,29.74,26.23,12.23,10.67,57672.68,3312.51,22.43,0,14.29,14.29,130.49,705570.03,615143.37,74294.46,0,0,7525690.21,0
,35.98,1.41,1.03,36.92,11.9,14.74,51080.37,4420.62,20.18,45.31,0,0,175.42,608099.68,752674.73,89208.99,200309.53,914.41,8960413.46,4042282.46
,59.41,23.87,21.95,23.51,27.46,14,61997.03,4125.41,24.83,38.74,1.3,10.39,384.5,1702281.26,868162.89,102420.58,159829.03,961.85,23837553.83,3968040.75
,28.85,4.59,5.96,8.97,7.19,12.62,58872.75,4335.66,21.75,39.28,1.22,6.1,90.68,423131.54,742751.6,94303.8,170323.89,854.47,5338321.19,3704670.4
,35.75,2.11,0.63,40.47,16.67,11.92,61919.85,4272.92,22.22,0,0,0,198.64,1031997.5,737972.03,94953.68,0,0,12299533.84,0
,43.73,1.66,17.27,20.43,5.17,13.21,62106.35,3058.09,24.52,35.84,13.33,86.67,68.27,321026.84,820238.73,74986.85,109599.33,878.81,4239802.58,2687465.63
,50.62,1.1,11.78,38.13,19.27,14.4,57100.62,4203.24,22.99,12.99,0,0,277.5,1100277.75,822332.67,96618.94,54587.59,298.53,15845612.94,1254791.44
,40.7,0.45,0.95,11.43,3.52,13.88,57824.88,3838.36,25.36,35.43,0,100,48.88,203608.73,802695,97357.23,135987.57,898.62,2826390.86,3449227.63
,25.96,6.02,5.23,38.2,18.7,15.21,62270.05,3664.26,24.17,29.02,0,10,284.46,1164357.53,947299.99,88563.99,106320.46,701.3,17713105.16,2569732.35
,44.45,2.02,9.08,63.69,19.09,11.9,59625.26,3811.72,24.03,34.45,0,48,227.13,1138499.47,709249.27,91596.61,131298.36,827.74,13542580.99,3155130.21
,40,1.1,11.81,65.77,19.71,12.97,60468.72,3939.78,24.37,18.25,0,56.25,255.62,1191887.19,784189.6,96017.64,71914.42,444.86,15457009.6,1752648.32
,47.68,0.96,5.31,31.19,11.9,12.19,62220.1,3865.72,24.81,13.34,0,61.11,145.05,740239.19,758574.31,95920.29,51584.43,331.11,9024839.06,1279965.29
,62.31,1.22,2.27,17.94,5.26,10.47,59114.49,4587.31,20.49,26.09,0,0,55.1,311128.9,618883.25,93981.8,119668.83,534.45,3257280.27,2451699.05
,46.74,1.5,8.19,13.34,4.5,13.4,62286.07,4128.06,22.63,13.5,5.88,0,60.37,280567.89,834754.12,93415.14,55728.88,305.5,3760153.71,1261104.4
,54.4,1.16,3.78,17.28,2.94,16.79,61234.99,4903.24,21.28,40.35,0,10,49.4,180102.9,1028421.17,104327.25,197849.96,858.55,3024768.14,4209695.86
,34.6,8.12,7.96,30.99,15.03,14.85,60477.27,3763.68,24.72,24.77,0,50,223.23,909188.43,898032.35,93042.48,93242.74,612.45,13500620.57,2305064.35
,57.89,2.88,27.4,51.59,24.49,12.17,59096.31,3838,25.16,13.24,0,70.83,298.19,1447500.63,719438.12,96572.2,50812.97,333.13,17621864.9,1278561.49
,24.7,0.98,1.27,13.06,10.28,15.79,62201.87,3995.42,24.44,31.29,0,0,162.29,639228.66,982289.25,97644.29,125002.77,764.61,10094672.15,3054953.08
,70.24,3.37,19.62,50.85,25.22,11.68,61672.89,4147.68,23.99,22.4,0,42.62,294.55,1555367.88,720301.36,99489.79,92888.2,537.19,18165739.71,2228094.66
,46.96,2.11,18.19,12.04,7.91,11.1,60618.41,5342.54,20.25,18.35,0,0,87.83,479714.04,672807.88,108201.82,98028.21,371.61,5324378.87,1985354.53
,20.98,0.83,2.09,16.68,4.05,8.42,53764.2,3823.18,22.52,10.25,9.09,0,34.14,217962.97,452696.11,86100.55,39181.66,230.8,1835254.49,882396.93
,30.65,7.23,11.49,28.48,11.46,13.98,59659.77,3922.57,23.51,35.31,6.67,6.67,160.17,683480.8,834115.52,92221.72,138519.68,830.24,9555886.52,3256674.6
,44.92,1.62,16.42,36.17,15.53,10.97,61492.85,4057.5,26.51,13.97,15,20,170.43,955228.75,674679.35,107570.09,56685.62,370.38,10480455.95,1502817.46
,27.57,0.76,0.77,19.66,6.06,11.88,63432.72,3784.39,25.07,25,0,70,72,384440.72,753611.63,94880.81,94609.76,626.79,4567343.24,2372020.35
,26.92,2.59,1.76,26.13,13.33,15.28,62997.11,4261.82,24.33,43.44,0,0,203.79,839961.49,962843.36,103673.78,185153.62,1056.84,12837911.49,4504079.45
,12.89,1.75,2.59,10.5,8.66,15.08,59963.79,4346.55,22.37,58.82,0,0,130.61,519371.39,904226.66,97231.97,255679.15,1315.88,7831884.44,5719527.81
,43.18,2.75,1.8,43.81,9,14.07,58398.9,3882.45,23.42,29.01,4,44,126.63,525536.45,821727.59,90936.34,112637.12,679.53,7394793.77,2638232.13
,49.19,0.9,4.33,36.21,10.14,16.56,66966.72,4540.89,24.11,22.46,0,0,167.94,679099.14,1109036.72,109483.39,101992.74,541.55,11246569.52,2459099.63
,7.72,0.14,0.69,9.25,5,15.97,62789.98,5092.91,19.1,32.08,0,0,79.85,313949.88,1002713.09,97252.16,163357.41,612.5,5013565.45,3119408.92
,48.69,0.16,1.47,25.3,4.3,12.16,52084.4,4470.92,20.18,40.87,0,0,52.31,224018.92,633482.81,90217.68,182724.58,824.7,2724657.25,3687157.44
,54.98,1.8,14.86,41.52,16.01,13.17,57811.14,3832.58,23.35,44.72,0,0,210.96,925755.13,761586.97,89491.74,171384.64,1044.17,12195625.56,4001873.86
,10.59,8.76,2.76,7.79,11.02,14.19,58198.62,3718.17,22.88,46.69,0,0,156.32,641064.74,825928.89,85055.76,173596.64,1068.04,9097704.81,3971146.23
,35.02,0.7,0.88,19.62,7.49,13.51,57168.13,3976.03,23.12,39.74,0,0,101.25,428295.44,772599.62,91909.57,157994.86,918.55,5788205.61,3652196.17
,64.15,9.49,16.92,35.28,25.08,12.3,62782.7,4952.59,22.19,31.24,4.17,28.57,308.44,1574901.92,771974.19,109913.39,154720.37,693.32,19364945.65,3433729.82
,49.27,2.39,2.55,44.14,11.06,13.67,60657.16,4097.09,24.64,29.66,0,83.33,151.23,671154.39,829063.88,100952.29,121499.98,730.7,9173358.14,2993757.49
,40.06,2.53,6.13,37.39,11.09,12.81,65164.45,4103.45,23.64,34.33,3.7,81.48,142.1,722732.94,834916.25,97023.89,140881.27,811.77,9259980.2,3331065.29
,64.55,41.37,16.19,21.2,43.74,15.29,52885.51,5230.05,17.93,48.83,2.65,1.77,668.55,2313077.77,808379.71,93780.96,255386.81,875.59,35356475.54,4579385.85
,36.41,0.92,0.33,26.64,5.67,14.19,53510.44,3846.51,23.32,26.42,0,0,80.52,303605.33,759444.39,89702.79,101605.98,616.01,4308904.35,2369507.59
,44.13,19.63,10.69,17.63,14.73,13.2,53970.81,4022.26,21.56,29.84,0,0,194.51,795222.07,712488.85,86722.57,120005.82,643.27,10498024.09,2587401.87
,40.58,1.94,0.34,34.22,7.21,16.13,52198.86,3727.91,22.03,39.29,0,0,116.22,376207.97,841717.16,82112.85,146453.57,865.33,6066429.98,3225861.81
,48.77,19.8,5.83,23.65,11.27,15.08,59465.23,4469.02,22,30.34,0,62.86,170.01,670243.74,896949.7,98331.5,135577.06,667.5,10109687.28,2983090.46
,35.13,2.45,4.94,29.1,11.33,13.81,56910.66,3589.2,24.39,36.24,0,0,156.41,644591.73,785923.5,87525.35,130081.84,883.8,8901667.05,3172146.7
,13.77,0.73,0.49,21.84,2.56,14.55,51683,3786.43,20.6,29.73,0,0,37.31,132520.51,752007.68,77995.93,112569.55,612.4,1928224.83,2318797.95
,68.73,20.87,13.35,42.19,33.75,12.68,66654.75,4527.23,22.94,18.21,0,21.95,427.84,2249434.39,845027.28,103856.77,82437.42,417.73,28517598.23,1891154.4
,26.57,4.44,5.98,26.72,14.2,10.59,55631.9,3616.37,23.96,26.29,0,0,150.39,789763.92,589336.43,86657.53,95062.57,629.9,8366362.66,2277946.04
,18.07,1.07,1.65,9.34,3.28,14.97,60464.24,4506.42,23.3,45.45,0,0,49.18,198605.17,905305.72,105018.84,204837.48,1059.28,2973631.94,4773583.7
,27.09,1.01,0.3,21.61,9.23,12.86,46347.38,4792.46,17.37,41.33,0,0,118.75,427822.01,596221.52,83251.4,198088.4,718.01,5503583.3,3441057.7
,38.07,1.54,1.17,30.2,8.93,13.48,55684.26,3887.09,21.22,25.9,0,0,120.43,497373.96,750799.75,82481.18,100689.64,549.66,6706172.51,2136560.72
,36.83,1.33,3.88,27.18,5.8,14.23,59653.03,4756.44,22.28,39.81,0,0,82.55,346109.75,848733.98,105980.49,189376.84,887.13,4924395.1,4219593.47
,22.47,2.35,2.09,12.61,5.33,16.2,64397.68,4933.22,21.43,25.64,5.26,0,86.27,343038.47,1042934.79,105735.09,126466.11,549.45,5555584.85,2710581.78
,18,0.62,1.41,9.22,4.59,11.09,50372.47,3667.02,19.39,35.96,0,0,50.86,231066.37,558494.42,71117.95,131847.89,697.31,2561900.99,2557049.97
,19.3,2.11,0.54,25.1,8.29,13.32,51768.27,4138.21,21.01,48.81,0,0,110.45,429166.97,689703.29,86941.03,201984.12,1025.46,5717747.46,4243550.16
,31.91,8.75,4.82,34.8,11.9,17.11,57489.22,3823.84,23.52,38.95,0,0,203.58,684082.22,983560.82,89948.9,148955.59,916.33,11703698.55,3503911.78
,39.28,1.39,0.97,54.38,21.32,14.5,60262.91,4158.07,22.21,33.33,0,0,309.14,1285017.97,873676.14,92364.41,138602.3,740.44,18629858.93,3078813.65
,35.71,4.65,8.92,32.87,9.06,17.08,53117.72,4325.82,21.67,42.91,0,13.33,154.73,481103.15,907418.83,93756.81,185642.43,930.13,8218765.73,4023571.41
,44.54,2.31,1.53,62.94,22.37,15.49,62890.81,4312.73,24.51,20.19,0,15.38,346.53,1406991.14,974156.94,105695.83,87074.11,494.81,21793807.53,2134001.35
,28.89,31.46,5.95,18.43,20.23,14.81,60774.92,4090.02,22.12,26.72,0,0,299.49,1229310.85,899856.2,90470.23,109287.87,591.05,18201636.75,2417423.07
,23.65,5.24,2.4,33.46,11.25,17.8,60283.85,4361.52,23.74,37.8,0,0,200.21,678193.26,1072816.43,103529.78,164886.54,897.38,12069184.84,3913930.59
,7.89,17.39,4.92,6.89,13.53,14.12,66182.01,5970.82,18.75,73.38,0,0,190.96,895332.48,934208.78,111939.12,438110.72,1375.62,12638290.57,8213562.49
,42.81,12.25,3.27,49.41,22.37,16.58,80565.04,5038.4,28.21,38.11,0,0,370.83,1802200.48,1335550.23,142137.56,192001.23,1075.05,29875605.89,5416518.74
,40.21,18.39,4.34,25.2,11.52,15.61,65468.92,4317.32,23.76,29.55,0,0,179.83,754201.96,1021968.06,102591.6,127581.62,702.22,11773072.1,3031696.77
,56.35,1.2,0.59,72.01,19.72,14.11,59922.13,4282.15,22.54,26.65,4,20,278.28,1181463.46,845753.57,96499.44,114108.76,600.51,16675424.63,2571474.93
,14.51,1.66,1.23,4.09,3.33,17.29,58616.28,4262.09,24.33,60.58,14.29,0,57.63,195387.61,1013426.45,103711.64,258201.17,1474.15,3378088.17,6282945.61
,39.61,0.75,0.29,8.91,4.3,16.49,56131.94,4741.87,18.74,28.83,0,0,70.93,241427.71,925683.3,88845.57,136702.68,540.15,3981433.57,2561313.75
,49.38,0.84,1.07,4.81,4.09,14.59,55396.61,4509.51,20.74,34.48,0,0,59.67,226622.52,808005.61,93518.9,155500.51,715.11,3305477.48,3224789.51
,32.1,1.63,0.63,8.35,1.96,14.4,54122.02,2908.31,16.89,43.24,9.09,0,28.24,106121.61,779553.89,49118.15,125764.82,730.33,1528537.04,2124028.14
,11.44,4.56,7.81,10.15,10.16,15.18,61419.34,4303.06,22.28,40.49,0,0,154.22,624180.26,932076.43,95869.72,174234.22,902.11,9472321.39,3881841.42
,40.82,1.32,1.77,39.97,12.64,15.51,57074.22,4262.56,20.02,39.66,0,16.67,196.15,721628.12,885411.46,85352.27,169073.72,794.24,11194857.59,3385480.92
,28.11,6.55,21.01,18.02,13.24,15.97,59268.99,3955.49,22.89,26.12,0,34.62,211.41,784811.79,946259.54,90536.83,103301.82,597.77,12529919.7,2364466.44
,22.71,2.53,15.35,10.4,18.22,15.12,62353.6,4900.86,20.23,66.31,0,0,275.51,1136103.76,942839.38,99138.15,324976.52,1341.37,17178853.07,6573866.76
,23.02,2.83,8.37,16.75,9.13,14.62,53901.88,4110.54,22.38,40.26,5.26,10.53,133.5,492114.13,788193.35,91999.89,165496.22,901.11,7196059.13,3704048.03
,35.46,3.84,35.21,15.55,23.88,16.68,68338.8,4364.93,25.67,20.02,0,56,398.28,1631709.53,1139949.61,112051.14,87397.85,514,27218309.12,2243572.31
,39.71,0.43,0.67,25.09,6.33,15.63,56854.04,3942.01,20.42,43.84,0,0,98.92,359835.68,888595.17,80502.19,172800.46,895.19,5624020.06,3528863.09
,19.68,3.86,3.64,12.85,5.99,15.72,59484.68,4081.6,22.29,14.45,0,0,94.22,356583.94,934967.68,90991.05,58982.68,322.15,5604710.88,1314899.51
,21.46,0.88,0.44,34.05,14.29,16.46,56837.35,4968.97,20.91,46.48,0,0,235.21,811962.15,935799.99,103917.37,230979.35,972.14,13368571.27,4830534.01
,30.76,1.92,0.72,22.4,6.15,15.86,54122.34,4170.57,21.15,23.37,11.11,11.11,97.59,333060.57,858305.08,88197.81,97473.05,494.26,5281877.41,2061328.22
,33.56,1.38,0.86,26.51,17.57,11.02,50731.47,3834.79,21.02,0,0,0,193.66,891228.58,559245.31,80618.92,0,0,9824579.77,0
,42.6,4.7,1.37,32.56,9.22,14.96,59645.21,3932.41,24.18,21.41,0,50,137.99,550007.03,892540.28,95080.21,84178.08,517.57,8230391.96,2035310.81
,51.21,4.55,3.43,39.26,10.05,13.28,56234.31,3767.5,23.17,12.97,0,41.67,133.42,565099.65,746640.98,87293.12,48853.35,300.45,7503009.88,1131932.8
,42.13,0.78,0.23,25.92,1.72,13.38,49550.74,3282.39,21.31,29.87,0,0,23.07,85432.31,663075.44,69936.62,98045.39,636.43,1143233.51,2089015.92
,53.9,1.22,1.48,53.44,14.74,12.71,51297.37,4109.92,21.69,28.87,0,16.67,187.28,755961.22,651916.27,89130.19,118636.78,626.01,9607187.15,2572830.29
,55.01,0.67,1.24,64.59,18.12,13.33,55535.15,4008.41,24,13.07,0,0,241.5,1006341.6,740134.99,96218.35,52397.58,313.78,13411842.17,1257756.25
,72.3,12.32,0.6,45.33,6.52,12.38,52194.34,4350.79,21.44,17.72,0,0,80.76,340397.85,646305.42,93297.47,77102.65,380.02,4215035.35,1653372.89
,49.26,13.28,2.94,25.53,14.11,15.1,57777.56,4165.93,23.06,24.24,0,25,212.99,815119.08,872293.52,96073.5,100992.28,559.07,12306215.64,2329054.5
,49.16,0.88,1.89,29.76,3.6,13.24,55372.46,3941.39,20.91,36.42,0,0,47.64,199181.51,733319.43,82418.65,143560.45,761.66,2637839.69,3002003.92
,51.29,0.14,0.57,32.29,2.56,15.81,53216.62,5045.58,19.64,34.21,0,0,40.54,136452.86,841472.95,99114.47,172611.81,672.03,2157622.94,3390758.1
,60.15,0.48,0,5.13,5.56,16.13,63507.83,6482.47,17.91,42.42,0,0,89.62,352821.3,1024511.62,116090.07,275013.86,759.75,5691731.25,4925033.31
,84.1,0.56,0.24,90.73,18.79,14.22,58391.11,3952.91,22.75,8.37,0,0,267.11,1097045.06,830169.23,89936,33086.03,190.43,15597118.95,752768.25
,74.57,0.9,0.24,80.46,15.98,12.97,53304.9,3688.75,22.96,16.47,0,0,207.29,851904.8,691399.56,84711.19,60738.43,378.13,11049764.68,1394842.84
,92.33,0.93,0.11,83.03,17.11,14.4,61350.21,3792.46,22.92,0,0,100,246.36,1049411.44,883589.06,86918.99,0,0,15114023.39,0
,76.58,1.72,0.06,83.76,23.68,13.28,58362.71,4115.28,22.62,27.43,0,0,314.64,1382274.62,775345.23,93082.39,112876.21,620.4,18363439.73,2553116.96
,44.83,7.62,1.95,43.14,12.71,14.47,58322.98,4057.26,22.31,35.92,3.13,28.13,183.97,741349.93,844123.25,90528.46,145725.71,801.41,10729744.43,3251538.97
,72.66,1.19,0.3,79.26,13.16,14.81,58001.31,4081.73,21.11,36.13,0,0,194.92,763175.09,859234.99,86149.21,147491.23,762.65,11305723.55,3112954.81
,36.72,0.43,0.86,4.71,4.65,13.27,48160.47,4666.56,18.43,70.27,0,0,61.71,224002.16,638997.15,85989.16,327920.48,1294.85,2972079.77,6042481.31
,12.33,5.66,1.49,14.53,5.41,15.73,62750.24,4265.13,23.81,41.17,0,0,85.04,339190.49,987200.5,101554.18,175580.1,980.18,5336218.92,4180618.11
,51.81,0.55,0.44,76.91,15.53,15.02,56925.98,3897.08,23.48,30.6,0,16.67,233.29,883943.71,855258.34,91521.92,119254.87,718.66,13280409,2800670.83
,23.46,3.86,1.82,29.78,10.37,10.29,54402.98,4155.08,21.65,21.14,0,0,106.64,563933.35,559656.05,89968.18,87842.37,457.76,5801312.71,1902011.85
,1.25,6.07,1,2.35,4.73,12.22,55208.84,4079.33,20.99,74.34,0,0,57.82,261122.88,674919.78,85618.92,303265.79,1560.33,3192188.14,6365090.98
,23.28,1.37,0.86,18.65,8.15,14.22,56808.01,3825.94,22.88,35.55,0,0,115.93,463108.78,807887.13,87526.6,136000.07,813.21,6586036.38,3111297.14
,15.68,5.52,1.67,17.44,6.92,15,57203.55,3831.57,23.21,37.69,0,0,103.76,395704.17,858065.74,88930.3,144401.24,874.71,5935648.9,3351532.77
,38.16,2.91,2.35,33.44,9.94,15.35,56413.61,3699.07,24.85,34.36,0,22.22,152.67,560975.69,866092.89,91926.04,127112.67,853.97,8612408.31,3158892.33
,17.9,10.49,3.37,12.7,14.93,14.44,49783.31,4254.72,20.06,46.42,0,0,215.54,743210.59,718754.46,85361.8,197505.35,931.32,10730220.55,3962522.16
,49.24,0.78,1.67,43.76,4.17,11.36,50433.17,5039.2,19.55,27.08,0,0,47.34,210138.19,572966.62,98493.51,136478.41,529.36,2387360.92,2667532.48
,62.24,13.82,3.96,32.13,15.88,13.27,52881.33,4324.17,20.99,8,0,18.18,210.8,839992.28,701782.13,90751.9,34593.39,167.9,11147441.84,726015.22
,46.16,1.15,0.8,45.62,13.33,11.81,48426.15,3945.07,19.86,53.77,0,0,157.43,645682.03,571774.5,78342.36,212140.5,1067.85,7623659.99,4212749.7
,43.41,3.65,1.54,46.32,21.38,14.4,53796.16,3845.48,22.71,29.89,0,6.67,307.94,1150036.76,774916.76,87326.42,114950.93,678.82,16565916.45,2610402.57
,70.62,20.46,2.99,17.42,11.03,16.56,61705.66,3970.98,24.89,15.14,0,13.64,182.75,680790.14,1022104.73,98823.79,60132.05,376.85,11276742.38,1496474.48
,77.75,6,9.58,11.12,7.87,16.92,65099.57,6913.4,20.03,23.53,0,0,133.22,512595.02,1101400.37,138492.76,162668.16,471.35,8672443.86,3258653.23
