wage,educ,exper,tenure,nonwhite,female,married,numdep,smsa,northcen,south,west,construc,ndurman,trcommpu,trade,services,profserv,profocc,clerocc,servocc,lwage,expersq,tenursq
3.09999990463257,11,2,0,2,1,2,2,1,0,0,1,0,0,0,0,0,0,0,0,0,1.13140201568604,4,0
3.24000000953674,12,22,2,2,1,1,3,1,0,0,1,0,0,0,0,1,0,0,0,1,1.17557299137115,484,4
3,11,2,0,2,2,2,2,0,0,0,1,0,0,0,1,0,0,0,0,0,1.09861195087433,4,0
6,8,44,28,2,2,1,0,1,0,0,1,0,0,0,0,0,0,0,1,0,1.79175901412964,1936,784
5.30000019073486,12,7,2,2,2,1,1,0,0,0,1,0,0,0,0,0,0,0,0,0,1.66770696640015,49,4
8.75,16,9,8,2,2,1,0,1,0,0,1,0,0,0,0,0,1,1,0,0,2.16905403137207,81,64
11.25,18,15,7,2,2,2,0,1,0,0,1,0,0,0,1,0,0,1,0,0,2.4203679561615,225,49
5,12,5,3,2,1,2,0,1,0,0,1,0,0,0,0,0,0,1,0,0,1.60943794250488,25,9
3.59999990463257,12,26,4,2,1,2,2,1,0,0,1,0,0,0,1,0,0,1,0,0,1.2809339761734,676,16
18.1800003051758,17,22,21,2,2,1,0,1,0,0,1,0,0,0,0,0,0,1,0,0,2.90032196044922,484,441
6.25,16,8,2,2,1,2,0,1,0,0,1,0,0,0,1,0,0,1,0,0,1.83258199691772,64,4
8.13000011444092,13,3,0,2,1,2,0,1,0,0,1,0,0,0,0,0,1,0,1,0,2.09556102752686,9,0
8.77000045776367,12,15,0,2,2,1,2,1,0,0,1,0,0,0,0,0,0,0,0,0,2.17133688926697,225,0
5.5,12,18,3,2,2,2,0,1,0,0,1,0,0,0,0,0,0,0,0,0,1.70474803447723,324,9
22.2000007629395,12,31,15,2,2,1,1,1,0,0,1,0,0,0,0,0,0,1,0,0,3.1000919342041,961,225
17.3299999237061,16,14,0,2,2,1,1,1,0,0,1,0,0,0,0,0,1,1,0,0,2.85243892669678,196,0
7.5,12,10,0,2,1,1,0,1,0,0,1,0,0,0,0,0,0,0,1,0,2.01490306854248,100,0
10.6300001144409,13,16,10,2,1,2,0,1,0,0,1,0,0,0,0,0,1,1,0,0,2.36367988586426,256,100
3.59999990463257,12,13,0,2,1,1,3,1,0,0,1,0,0,0,0,0,0,0,0,0,1.2809339761734,169,0
4.5,12,36,6,2,1,1,0,1,0,0,1,0,0,0,0,0,1,0,0,1,1.50407695770264,1296,36
6.88000011444092,12,11,4,2,1,2,0,1,0,0,1,0,0,0,0,0,1,1,0,0,1.92861902713776,121,16
8.47999954223633,12,29,13,2,2,1,3,1,0,0,1,0,0,0,0,0,0,0,0,0,2.1377100944519,841,169
6.32999992370605,16,9,9,2,1,2,0,1,0,0,1,0,0,0,0,0,0,1,0,0,1.84529995918274,81,81
0.529999971389771,12,3,1,2,1,2,0,1,0,0,1,0,0,0,0,1,0,0,0,1,-0.634878277778625,9,1
6,11,37,8,1,1,2,0,1,0,0,1,0,0,0,0,1,0,0,0,0,1.79175901412964,1369,64
9.5600004196167,16,3,3,1,2,1,1,1,0,0,1,0,1,0,0,0,0,1,0,0,2.25758790969849,9,9
7.78000020980835,16,11,10,2,2,1,1,1,0,0,1,0,0,1,0,0,0,0,0,0,2.05155611038208,121,100
12.5,16,31,0,2,2,1,0,1,0,0,1,0,0,0,0,0,0,1,0,0,2.52572894096375,961,0
12.5,15,30,0,2,2,1,2,1,0,0,1,0,0,0,0,0,0,1,0,0,2.52572894096375,900,0
3.25,8,9,1,2,1,1,2,1,0,0,1,0,0,0,0,0,0,0,0,0,1.1786550283432,81,1
13,14,23,5,2,2,1,2,1,0,0,1,0,0,0,0,0,1,1,0,0,2.56494903564453,529,25
4.5,14,2,5,2,1,2,2,1,0,0,1,0,0,0,1,0,0,0,0,0,1.50407695770264,4,25
9.68000030517578,13,16,16,2,1,2,0,1,0,0,1,0,0,0,0,0,0,1,0,0,2.27006196975708,256,256
5,12,7,3,2,1,2,0,1,0,0,1,0,0,0,0,0,0,0,1,0,1.60943794250488,49,9
4.67999982833862,12,3,0,2,1,2,0,1,0,0,1,0,0,0,0,1,0,0,1,0,1.54329800605774,9,0
4.26999998092651,16,22,4,1,1,1,1,1,0,0,1,0,0,0,1,0,0,1,0,0,1.45161402225494,484,16
6.15000009536743,12,15,6,1,1,1,1,1,0,0,1,0,0,0,0,1,0,0,0,1,1.81645202636719,225,36
3.50999999046326,4,39,15,2,2,1,5,1,0,0,1,0,0,0,1,0,0,0,0,0,1.25561594963074,1521,225
3,14,3,3,2,1,1,0,1,0,0,1,0,0,0,0,0,1,0,1,0,1.09861195087433,9,9
6.25,12,11,0,2,1,2,0,1,0,0,1,0,0,0,0,0,1,0,1,0,1.83258199691772,121,0
7.80999994277954,12,3,0,2,1,1,0,1,0,0,1,0,0,0,0,1,0,0,0,1,2.05540490150452,9,0
10,12,20,5,1,1,1,4,1,0,0,1,0,0,0,0,0,1,0,1,0,2.3025848865509,400,25
4.5,14,16,0,2,1,1,1,1,0,0,1,0,0,0,0,0,1,0,1,0,1.50407695770264,256,0
4,11,45,12,2,1,1,0,1,0,0,1,0,0,0,0,0,1,0,0,1,1.38629400730133,2025,144
6.38000011444092,13,11,4,2,1,2,0,1,0,0,1,0,0,0,0,0,0,0,0,0,1.85316801071167,121,16
13.6999998092651,15,20,13,2,2,1,2,1,0,0,1,0,0,0,0,0,1,1,0,0,2.61739611625671,400,169
1.66999995708466,10,1,0,2,2,2,1,1,0,0,1,0,0,0,0,1,0,0,0,0,0.512823581695557,1,0
2.9300000667572,12,36,2,2,1,1,1,1,0,0,1,0,0,0,1,0,0,1,0,0,1.07500195503235,1296,4
3.65000009536743,14,9,2,2,2,2,0,1,0,0,1,0,0,0,1,0,0,1,0,0,1.29472696781158,81,4
2.90000009536743,12,15,1,2,1,1,2,1,0,0,1,0,0,0,0,1,0,0,0,1,1.0647109746933,225,1
1.62999999523163,12,18,0,2,1,2,2,0,0,0,0,0,0,0,0,1,0,0,0,1,0.488579988479614,324,0
8.60000038146973,16,3,2,2,1,2,0,1,0,0,0,0,0,0,0,0,1,1,0,0,2.15176200866699,9,4
5,12,15,5,2,2,1,1,1,0,0,0,0,0,0,1,0,0,0,1,0,1.60943794250488,225,25
6,12,7,7,2,2,1,0,1,0,0,0,0,0,0,0,0,0,0,0,0,1.79175901412964,49,49
2.5,12,2,0,2,2,2,2,0,0,0,0,0,0,0,0,0,0,0,0,0,0.916290819644928,4,0
3.25,15,3,0,2,2,2,1,0,0,0,0,0,0,0,1,0,0,0,0,1,1.1786550283432,9,0
3.40000009536743,16,1,1,2,1,2,1,0,0,0,0,0,0,0,1,0,0,0,0,1,1.22377598285675,1,1
10,8,13,0,1,2,2,0,1,0,0,0,0,0,0,1,0,0,0,0,0,2.3025848865509,169,0
21.6299991607666,18,8,8,2,1,2,0,1,0,0,0,0,0,0,0,0,1,1,0,0,3.07408094406128,64,64
4.38000011444092,16,7,0,2,2,2,0,1,0,0,0,0,0,0,1,0,0,0,0,1,1.47704899311066,49,0
11.710000038147,13,40,20,2,1,2,0,1,0,0,0,0,1,0,0,0,0,1,0,0,2.46044301986694,1600,400
12.3900003433228,14,42,5,2,2,2,0,1,0,0,0,0,0,0,0,0,1,1,0,0,2.51689004898071,1764,25
6.25,10,36,8,2,2,2,0,1,0,0,0,0,0,0,1,0,0,0,0,1,1.83258199691772,1296,64
3.71000003814697,10,13,0,1,1,2,4,1,0,0,0,0,0,0,0,0,1,0,1,0,1.31103205680847,169,0
7.78000020980835,14,9,3,2,2,2,0,1,0,0,0,0,0,0,0,0,1,1,0,0,2.05155611038208,81,9
19.9799995422363,14,26,23,2,2,1,2,1,0,0,0,0,0,0,0,0,0,1,0,0,2.99473190307617,676,529
6.25,16,7,4,1,1,1,3,1,0,0,0,0,0,0,0,0,1,1,0,0,1.83258199691772,49,16
10,12,25,3,2,2,1,3,1,0,0,0,0,0,0,0,0,1,1,0,0,2.3025848865509,625,9
5.71000003814697,16,10,5,2,2,1,1,1,0,0,0,0,0,0,0,0,1,1,0,0,1.74221897125244,100,25
2,12,3,2,2,1,2,4,1,0,0,0,0,0,0,0,1,0,0,0,0,0.6931471824646,9,4
5.71000003814697,16,3,0,2,1,2,0,1,0,0,0,0,0,0,1,0,0,0,1,0,1.74221897125244,9,0
13.0799999237061,17,17,2,1,2,1,3,1,0,0,0,0,0,0,0,0,1,1,0,0,2.57108402252197,289,4
4.90999984741211,12,17,8,2,2,1,2,1,0,0,0,0,0,0,0,0,0,0,0,0,1.59127402305603,289,64
2.91000008583069,12,20,34,2,1,1,2,1,0,0,0,0,0,0,0,1,0,0,1,0,1.06815302371979,400,1156
3.75,12,7,0,2,1,1,0,1,0,0,0,1,0,0,0,0,0,0,1,0,1.32175600528717,49,0
11.8999996185303,13,24,19,2,2,1,2,1,0,0,0,0,0,0,0,0,1,1,0,0,2.47653794288635,576,361
4,12,28,0,2,1,1,1,1,0,0,0,0,0,0,0,0,1,0,1,0,1.38629400730133,784,0
3.09999990463257,12,2,1,2,1,2,1,1,0,0,0,0,0,0,1,0,0,0,1,0,1.13140201568604,4,1
8.44999980926514,12,19,13,2,2,1,4,1,0,0,0,0,0,0,0,0,0,0,0,0,2.13416600227356,361,169
7.1399998664856,18,13,0,2,2,1,2,1,0,0,0,0,0,0,0,0,1,1,0,0,1.9657130241394,169,0
4.5,9,22,5,2,2,1,4,1,0,0,0,0,0,0,0,0,0,0,0,0,1.50407695770264,484,25
4.65000009536743,16,3,1,2,2,2,0,1,0,0,0,0,1,0,0,0,0,0,0,0,1.53686702251434,9,1
2.90000009536743,10,4,0,2,1,2,1,1,0,0,0,0,0,0,0,0,1,0,0,1,1.0647109746933,16,0
6.67000007629395,12,7,5,2,2,2,0,1,0,0,0,0,0,0,0,0,0,1,0,0,1.89761996269226,49,25
3.5,12,6,2,1,1,2,1,1,0,0,0,0,0,0,0,0,1,0,0,1,1.25276303291321,36,4
3.25999999046326,12,13,3,2,1,1,1,1,0,0,0,0,0,0,1,0,0,1,0,0,1.18172705173492,169,9
3.25,12,14,0,2,1,1,1,1,0,0,0,0,0,0,0,0,1,0,1,0,1.1786550283432,196,0
8,12,14,4,2,1,2,1,1,0,0,0,0,0,0,0,0,1,1,0,0,2.07944202423096,196,16
9.85000038146973,8,40,24,1,2,1,2,1,0,0,0,0,0,0,0,0,0,0,0,0,2.28747200965881,1600,576
7.5,12,11,7,2,2,1,1,1,0,0,0,0,0,0,0,0,0,0,0,0,2.01490306854248,121,49
5.90999984741211,12,14,6,2,2,1,2,0,0,0,0,0,0,1,0,0,0,0,0,0,1.77664601802826,196,36
11.7600002288818,14,40,39,2,2,1,0,1,0,0,0,0,0,1,0,0,0,1,0,0,2.46470403671265,1600,1521
3,12,1,0,2,1,2,2,1,0,0,0,0,0,0,1,0,0,1,0,0,1.09861195087433,1,0
4.80999994277954,12,2,0,2,1,2,0,1,0,0,0,0,0,0,0,0,1,0,0,1,1.5706969499588,4,0
6.5,12,4,1,2,1,2,0,1,0,0,0,0,0,0,0,0,1,1,0,0,1.87180197238922,16,1
4,9,19,1,2,1,1,1,1,0,0,0,0,0,0,0,1,0,0,0,1,1.38629400730133,361,1
3.5,13,1,0,2,2,2,1,1,0,0,0,0,1,0,0,0,0,1,0,0,1.25276303291321,1,0
13.1599998474121,12,34,22,2,2,1,0,1,0,0,0,0,0,0,1,0,0,1,0,0,2.57718205451965,1156,484
4.25,14,5,2,2,2,1,2,1,0,0,0,0,0,0,1,0,0,0,0,0,1.44691896438599,25,4
3.5,12,3,0,2,2,2,0,1,0,0,0,0,0,0,1,0,0,0,0,1,1.25276303291321,9,0
5.13000011444092,15,6,6,2,1,2,0,1,0,0,0,0,1,0,0,0,0,1,0,0,1.63510596752167,36,36
3.75,12,14,0,2,1,1,3,1,0,0,0,0,0,0,0,1,0,0,0,1,1.32175600528717,196,0
4.5,12,35,12,2,1,1,0,1,0,0,0,0,0,0,0,0,1,0,1,0,1.50407695770264,1225,144
7.63000011444092,12,8,4,2,1,2,0,1,0,0,0,0,0,1,0,0,0,0,1,0,2.03208804130554,64,16
15,14,7,7,1,2,1,1,1,0,0,0,0,0,0,0,0,0,0,0,0,2.7080500125885,49,49
6.84999990463257,15,11,3,2,1,1,2,1,0,0,0,0,0,0,0,0,1,1,0,0,1.9242490530014,121,9
13.3299999237061,12,14,11,2,2,1,2,1,0,0,0,0,0,0,1,0,0,1,0,0,2.59001708030701,196,121
6.67000007629395,12,35,10,2,2,2,0,1,0,0,0,0,0,0,0,0,0,0,0,0,1.89761996269226,1225,100
2.52999997138977,12,46,0,2,1,2,0,1,0,0,0,0,0,0,1,0,0,1,0,0,0.928219318389893,2116,0
9.80000019073486,17,7,0,2,2,1,0,1,0,0,0,0,0,0,0,1,0,1,0,0,2.28238201141357,49,0
3.36999988555908,11,45,12,2,2,1,0,1,0,0,0,0,0,0,1,0,0,1,0,0,1.21491301059723,2025,144
24.9799995422363,18,29,25,2,2,1,0,1,0,0,0,0,0,0,0,0,0,1,0,0,3.21807599067688,841,625
5.40000009536743,12,6,3,2,2,1,0,1,0,0,0,0,0,0,0,1,0,0,0,0,1.68639898300171,36,9
6.1100001335144,14,15,0,2,2,1,2,1,0,0,0,0,0,0,1,0,0,1,0,0,1.80992698669434,225,0
4.19999980926514,14,33,16,2,1,1,0,1,0,0,0,0,0,0,0,0,1,1,0,0,1.43508398532867,1089,256
3.75,10,15,0,2,2,2,0,1,0,0,0,0,0,0,1,0,0,0,0,0,1.32175600528717,225,0
3.5,14,5,0,2,1,1,0,0,0,1,0,0,0,0,0,0,1,0,1,0,1.25276303291321,25,0
3.64000010490417,12,7,2,2,2,2,0,1,0,1,0,0,0,0,0,0,1,0,0,1,1.29198396205902,49,4
3.79999995231628,15,6,1,2,2,1,1,1,0,1,0,0,0,0,1,0,0,0,0,0,1.33500099182129,36,1
3,8,33,12,2,1,1,3,0,0,1,0,0,1,0,0,0,0,0,0,0,1.09861195087433,1089,144
5,16,2,1,2,1,1,0,0,0,1,0,0,0,0,1,0,0,1,0,0,1.60943794250488,4,1
4.63000011444092,14,4,0,2,1,1,2,1,0,1,0,0,0,0,0,0,1,0,0,1,1.53255701065063,16,0
3,15,1,0,2,2,2,0,1,0,1,0,0,0,0,1,0,0,1,0,0,1.09861195087433,1,0
3.20000004768372,12,29,0,2,1,2,1,1,0,1,0,0,0,0,0,0,0,0,1,0,1.16315102577209,841,0
3.91000008583069,18,17,3,2,2,1,2,0,0,1,0,0,0,0,0,0,1,1,0,0,1.36353695392609,289,9
6.42999982833862,16,17,3,2,1,1,2,0,0,1,0,0,0,0,0,0,1,1,0,0,1.86097502708435,289,9
5.48000001907349,10,36,3,2,1,1,0,1,0,1,0,0,0,0,0,0,0,0,0,0,1.70110499858856,1296,9
1.5,8,31,30,2,2,2,0,0,0,1,0,0,0,0,1,0,0,0,0,0,0.405465096235275,961,900
2.90000009536743,10,23,2,2,1,2,2,0,0,1,0,0,0,0,0,0,1,0,0,1,1.0647109746933,529,4
5,11,13,1,2,2,1,0,0,0,1,0,0,0,0,1,0,0,0,0,0,1.60943794250488,169,1
8.92000007629395,18,3,3,2,2,1,0,1,0,1,0,0,0,0,1,0,0,1,0,0,2.18829607963562,9,9
5,15,15,0,2,2,2,0,1,0,1,0,0,0,0,1,0,0,1,0,0,1.60943794250488,225,0
3.51999998092651,12,48,1,2,2,1,0,0,0,1,0,0,0,0,0,0,1,0,0,0,1.25846099853516,2304,1
2.90000009536743,11,6,0,2,1,2,1,0,0,1,0,0,1,0,0,0,0,0,0,0,1.0647109746933,36,0
4.5,12,12,0,2,2,1,3,1,0,1,0,0,0,0,1,0,0,0,0,0,1.50407695770264,144,0
2.25,12,5,0,2,1,2,2,1,0,1,0,0,0,0,1,0,0,0,0,1,0.810930192470551,25,0
5,14,19,5,2,2,1,4,1,0,1,0,0,0,0,1,0,0,0,0,0,1.60943794250488,361,25
10,16,9,3,1,2,1,2,1,0,1,0,0,0,0,0,0,0,1,0,0,2.3025848865509,81,9
3.75,2,39,13,2,2,1,0,1,0,1,0,0,0,0,0,0,1,0,0,1,1.32175600528717,1521,169
10,14,28,11,2,1,1,0,1,0,1,0,0,1,0,0,0,0,1,0,0,2.3025848865509,784,121
10.9499998092651,16,23,20,2,2,1,4,1,0,1,0,0,1,0,0,0,0,1,0,0,2.39333891868591,529,400
7.90000009536743,12,2,0,2,2,2,0,1,0,1,0,1,0,0,0,0,0,0,0,0,2.06686305999756,4,0
4.71999979019165,12,15,1,2,1,2,0,1,0,1,0,0,0,0,0,0,0,0,0,0,1.55180895328522,225,1
5.84000015258789,13,5,0,2,1,1,1,1,0,1,0,0,0,0,0,0,1,0,1,0,1.76473104953766,25,0
3.82999992370605,12,18,2,2,1,2,3,1,0,1,0,0,0,0,0,0,0,0,1,0,1.34286499023438,324,4
3.20000004768372,15,2,2,2,1,2,2,1,0,1,0,0,0,1,0,0,0,0,0,0,1.16315102577209,4,4
2,10,3,0,1,1,2,5,1,0,1,0,0,0,0,1,0,0,0,0,1,0.6931471824646,9,0
4.5,12,31,4,2,1,1,3,1,0,1,0,0,0,0,0,0,1,0,1,0,1.50407695770264,961,16
11.5500001907349,16,20,5,2,1,1,3,1,0,1,0,1,0,0,0,0,0,0,1,0,2.4466860294342,400,25
2.14000010490417,13,34,15,1,1,1,0,1,0,1,0,0,0,0,0,1,0,0,0,0,0.760805904865265,1156,225
2.38000011444092,9,5,0,1,2,2,5,1,0,1,0,0,0,0,0,0,0,0,0,1,0.867100477218628,25,0
3.75,12,11,0,2,2,2,1,1,0,1,0,0,0,0,0,0,0,0,0,0,1.32175600528717,121,0
5.51999998092651,13,31,3,2,2,2,0,1,0,1,0,0,0,0,1,0,0,0,0,0,1.70837795734406,961,9
6.5,12,8,5,2,1,1,0,1,0,1,0,0,0,1,0,0,0,0,1,0,1.87180197238922,64,25
3.09999990463257,12,2,2,2,1,2,1,1,0,1,0,0,1,0,0,0,0,0,0,0,1.13140201568604,4,4
10,14,18,5,2,2,1,2,1,0,1,0,0,0,0,0,0,0,1,0,0,2.3025848865509,324,25
6.63000011444092,16,3,0,2,2,1,0,1,0,1,0,0,0,0,0,0,1,1,0,0,1.8916050195694,9,0
10,16,3,2,2,2,1,0,1,0,1,0,0,0,1,0,0,0,1,0,0,2.3025848865509,9,4
2.30999994277954,9,4,1,2,1,2,5,0,1,0,0,0,0,0,1,0,0,0,0,1,0.837247490882874,16,1
6.88000011444092,18,4,4,2,2,2,0,1,1,0,0,0,0,0,0,0,1,1,0,0,1.92861902713776,16,16
2.82999992370605,10,1,0,2,2,2,4,1,1,0,0,0,0,0,1,0,0,0,0,0,1.04027700424194,1,0
3.13000011444092,10,1,0,2,1,2,1,1,1,0,0,0,0,0,1,0,0,1,0,0,1.14103305339813,1,0
8,13,28,5,2,2,1,1,1,1,0,0,0,0,0,0,1,0,1,0,0,2.07944202423096,784,25
4.5,12,47,4,2,1,1,0,1,1,0,0,0,0,0,1,0,0,0,1,0,1.50407695770264,2209,16
8.64999961853027,18,13,1,2,1,2,0,1,1,0,0,0,1,0,0,0,0,1,0,0,2.15755891799927,169,1
2,13,2,6,2,1,2,0,1,1,0,0,0,0,0,0,1,0,0,0,1,0.6931471824646,4,36
4.75,12,48,2,2,1,1,0,1,1,0,0,0,0,0,0,0,1,0,0,1,1.55814504623413,2304,4
6.25,13,6,5,2,1,1,1,1,1,0,0,0,0,0,0,0,1,1,0,0,1.83258199691772,36,25
6,13,8,0,2,2,1,2,1,1,0,0,0,0,0,0,0,1,0,0,1,1.79175901412964,64,0
15.3800001144409,13,25,21,2,2,1,2,1,1,0,0,0,0,0,0,0,1,1,0,0,2.73306798934937,625,441
14.5799999237061,18,13,7,2,1,2,0,1,1,0,0,0,0,0,0,0,1,1,0,0,2.6796510219574,169,49
12.5,12,8,1,2,2,2,0,1,1,0,0,0,0,0,0,0,0,0,0,0,2.52572894096375,64,1
5.25,12,19,10,2,1,1,2,1,1,0,0,0,0,1,0,0,0,0,1,0,1.65822803974152,361,100
2.17000007629395,13,1,4,2,1,2,1,1,1,0,0,0,1,0,0,0,0,0,0,1,0.77472722530365,1,16
7.1399998664856,12,43,5,2,1,2,0,1,1,0,0,0,0,0,0,0,0,0,0,0,1.9657130241394,1849,25
6.21999979019165,12,19,9,2,1,1,1,1,1,0,0,0,0,0,0,0,1,0,1,0,1.82776999473572,361,81
9,12,11,5,2,1,1,0,1,1,0,0,0,0,0,0,0,1,1,0,0,2.19722509384155,121,25
10,14,43,4,2,2,1,0,1,1,0,0,0,0,0,0,0,1,1,0,0,2.3025848865509,1849,16
5.76999998092651,10,44,3,2,2,1,0,1,1,0,0,0,0,0,0,0,1,1,0,0,1.75267195701599,1936,9
4,12,22,11,2,1,1,2,1,1,0,0,0,1,0,0,0,0,0,0,0,1.38629400730133,484,121
8.75,16,3,2,2,2,1,1,1,1,0,0,0,1,0,0,0,0,1,0,0,2.16905403137207,9,4
6.53000020980835,16,3,2,2,1,2,0,1,1,0,0,0,0,0,0,0,1,1,0,0,1.87640702724457,9,4
7.59999990463257,12,41,11,2,1,2,0,1,1,0,0,0,0,0,0,0,1,1,0,0,2.02814793586731,1681,121
5,14,5,0,2,2,2,0,1,1,0,0,0,0,0,1,0,0,0,0,0,1.60943794250488,25,0
5,12,14,11,2,1,2,0,1,1,0,0,0,0,0,0,0,1,0,0,1,1.60943794250488,196,121
21.8600006103516,12,24,16,2,2,1,3,1,1,0,0,0,0,0,1,0,0,1,0,0,3.08465909957886,576,256
8.64000034332275,12,28,8,2,2,1,0,1,1,0,0,0,1,0,0,0,0,1,0,0,2.15640306472778,784,64
3.29999995231628,12,25,8,2,2,1,1,1,1,0,0,0,0,0,1,0,0,0,0,0,1.19392204284668,625,64
4.44000005722046,12,3,0,2,2,2,0,1,1,0,0,0,0,0,1,0,0,1,0,0,1.49065399169922,9,0
4.55000019073486,12,11,0,2,2,1,0,0,1,0,0,0,0,0,0,0,0,0,0,0,1.51512694358826,121,0
3.5,12,7,6,1,1,1,0,0,1,0,0,0,0,0,0,0,0,0,0,0,1.25276303291321,49,36
6.25,16,9,2,2,2,1,1,0,1,0,0,0,0,0,0,0,1,1,0,0,1.83258199691772,81,4
3.84999990463257,16,5,0,2,2,1,0,1,1,0,0,0,0,0,1,0,0,0,0,0,1.34807300567627,25,0
6.17999982833862,14,9,3,2,1,1,0,1,1,0,0,0,0,0,0,0,1,1,0,0,1.82131803035736,81,9
2.91000008583069,11,1,0,2,1,2,3,1,1,0,0,0,0,0,0,1,0,1,0,0,1.06815302371979,1,0
6.25,16,2,1,1,1,2,0,1,1,0,0,0,0,0,1,0,0,1,0,0,1.83258199691772,4,1
6.25,12,13,0,2,1,1,0,1,1,0,0,0,0,0,0,0,1,0,1,0,1.83258199691772,169,0
9.05000019073486,12,10,2,2,2,1,3,1,1,0,0,1,0,0,0,0,0,1,0,0,2.20276498794556,100,4
10,17,5,3,2,2,1,0,1,1,0,0,0,0,0,0,0,0,1,0,0,2.3025848865509,25,9
11.1099996566772,12,30,8,2,2,1,0,1,1,0,0,0,0,0,1,0,0,1,0,0,2.40784502029419,900,64
6.88000011444092,12,31,19,2,2,1,3,1,1,0,0,0,0,0,0,0,1,0,0,1,1.92861902713776,961,361
8.75,16,1,2,1,2,2,0,1,1,0,0,0,0,0,0,0,0,1,0,0,2.16905403137207,1,4
10,8,9,0,2,2,1,0,1,1,0,0,1,0,0,0,0,0,0,0,0,2.3025848865509,81,0
3.04999995231628,12,10,0,2,1,1,2,1,1,0,0,0,0,0,1,0,0,0,0,0,1.1151419878006,100,0
3,12,38,0,2,1,1,0,0,1,0,0,0,0,0,0,1,0,0,1,0,1.09861195087433,1444,0
5.80000019073486,12,19,6,2,1,1,2,0,1,0,0,0,1,0,0,0,0,0,0,0,1.75785803794861,361,36
4.09999990463257,16,5,0,2,1,1,0,1,1,0,0,0,0,0,0,0,1,1,0,0,1.41098701953888,25,0
8,12,26,2,2,2,1,1,1,1,0,0,0,0,0,0,0,0,0,0,0,2.07944202423096,676,4
6.15000009536743,12,35,12,2,1,2,0,1,1,0,0,0,0,0,1,0,0,0,0,0,1.81645202636719,1225,144
2.70000004768372,9,2,0,2,1,2,1,1,1,0,0,0,0,0,1,0,0,0,1,0,0.993251800537109,4,0
2.75,13,1,2,2,1,2,1,1,1,0,0,0,0,0,0,0,1,0,0,1,1.01160097122192,1,4
3,16,19,10,2,1,1,0,1,1,0,0,0,0,0,1,0,0,0,1,0,1.09861195087433,361,100
3,14,3,2,2,1,2,0,1,1,0,0,0,0,0,0,0,1,0,0,1,1.09861195087433,9,4
7.3600001335144,8,36,24,2,2,1,3,1,1,0,0,0,0,0,0,0,0,0,0,0,1.99606001377106,1296,576
7.5,14,29,24,2,2,1,1,1,1,0,0,0,0,0,0,0,0,1,0,0,2.01490306854248,841,576
3.5,13,1,2,2,2,2,3,1,1,0,0,0,0,0,1,0,0,0,0,0,1.25276303291321,1,4
8.10000038146973,12,38,3,2,1,1,1,1,1,0,0,0,0,0,0,0,1,1,0,0,2.09186410903931,1444,9
3.75,18,1,2,2,2,2,1,1,1,0,0,0,0,0,0,0,1,1,0,0,1.32175600528717,1,4
3.25,9,29,0,1,2,1,1,1,1,0,0,0,0,0,0,0,0,0,0,0,1.1786550283432,841,0
5.82999992370605,8,36,15,2,1,1,0,0,0,0,0,0,0,0,0,0,1,0,1,0,1.7630170583725,1296,225
3.5,8,4,0,2,2,2,3,1,0,0,0,0,0,0,1,0,0,0,0,1,1.25276303291321,16,0
3.32999992370605,12,45,4,2,1,1,0,0,0,0,0,0,0,0,1,0,0,0,0,0,1.20297205448151,2025,16
4,14,22,3,2,1,2,0,1,0,0,0,1,0,0,0,0,0,0,1,0,1.38629400730133,484,9
3.5,12,20,4,2,1,1,2,0,0,0,0,0,0,0,0,0,1,0,1,0,1.25276303291321,400,16
6.25,16,5,0,2,2,1,0,1,0,0,0,0,1,0,0,0,0,1,0,0,1.83258199691772,25,0
2.95000004768372,8,15,2,1,1,1,1,1,0,0,0,0,1,0,0,0,0,0,0,0,1.08180499076843,225,4
5.71000003814697,13,10,2,2,1,1,0,1,0,0,0,0,0,0,1,0,0,1,0,0,1.74221897125244,100,4
3,9,3,0,2,1,2,0,1,0,0,0,0,0,0,0,1,0,0,0,0,1.09861195087433,9,0
22.8600006103516,16,16,7,2,2,1,2,1,0,0,0,0,0,0,0,0,0,1,0,0,3.12938904762268,256,49
9,12,38,1,2,2,1,0,1,0,0,0,0,0,0,0,0,1,1,0,0,2.19722509384155,1444,1
8.32999992370605,15,33,26,2,2,1,1,1,0,0,0,0,0,0,0,0,1,1,0,0,2.11986398696899,1089,676
3,11,2,0,2,2,2,0,1,0,0,0,0,0,0,1,0,0,0,0,0,1.09861195087433,4,0
5.75,14,6,5,2,2,1,0,1,0,0,0,0,0,0,1,0,0,1,0,0,1.74919998645782,36,25
6.76000022888184,12,19,3,1,2,1,2,1,0,0,0,0,1,0,0,0,0,0,0,0,1.91102302074432,361,9
10,12,29,0,2,2,1,2,1,0,0,0,0,0,0,0,0,1,0,1,0,2.3025848865509,841,0
3,12,2,0,2,2,2,0,1,0,0,0,1,0,0,0,0,0,0,0,0,1.09861195087433,4,0
3.5,18,3,1,2,1,2,0,1,0,0,0,0,0,1,0,0,0,1,0,0,1.25276303291321,9,1
3.25,12,4,0,2,2,2,0,1,0,0,0,0,0,0,0,1,0,0,0,0,1.1786550283432,16,0
4,12,10,1,1,1,2,0,1,0,0,0,0,0,0,0,0,1,0,1,0,1.38629400730133,100,1
2.92000007629395,12,4,0,2,1,2,1,0,0,1,0,0,0,0,1,0,0,1,0,0,1.07158398628235,16,0
3.05999994277954,12,14,10,1,1,2,3,0,0,1,0,0,0,0,1,0,0,0,0,0,1.1184149980545,196,100
3.20000004768372,12,15,5,2,1,1,1,0,0,1,0,0,0,0,0,0,1,1,0,0,1.16315102577209,225,25
4.75,12,19,0,2,2,1,3,0,0,1,0,0,0,0,0,0,0,0,0,0,1.55814504623413,361,0
3,14,17,0,2,1,1,4,1,0,1,0,0,0,0,0,1,0,0,1,0,1.09861195087433,289,0
18.1599998474121,16,29,7,2,2,1,1,1,0,1,0,0,1,0,0,0,0,1,0,0,2.89922094345093,841,49
3.5,12,2,0,2,1,2,2,1,0,1,0,0,0,1,0,0,0,0,1,0,1.25276303291321,4,0
4.1100001335144,14,5,0,2,2,2,0,0,0,1,0,0,0,0,0,0,1,1,0,0,1.41342294216156,25,0
1.96000003814697,11,38,3,1,1,2,0,0,0,1,0,0,0,0,0,1,0,0,0,0,0.672944486141205,1444,9
4.28999996185303,12,3,0,2,1,2,0,0,0,1,0,0,0,0,1,0,0,0,0,1,1.45628702640533,9,0
3,10,47,0,2,2,2,0,0,0,1,0,0,0,0,0,1,0,0,0,1,1.09861195087433,2209,0
6.44999980926514,12,7,6,2,2,1,0,0,0,1,0,0,0,0,1,0,0,0,0,0,1.86407995223999,49,36
5.19999980926514,6,47,13,1,2,1,0,1,0,1,0,1,0,0,0,0,0,0,0,0,1.64865899085999,2209,169
4.5,13,23,2,1,1,2,0,1,0,1,0,0,0,0,1,0,0,1,0,0,1.50407695770264,529,4
3.88000011444092,12,12,3,2,2,1,3,1,0,1,0,0,0,0,1,0,0,0,1,0,1.3558349609375,144,9
3.45000004768372,10,11,0,2,1,2,2,1,0,1,0,0,0,0,1,0,0,0,0,1,1.23837399482727,121,0
10.9099998474121,12,25,23,2,2,2,0,1,0,1,0,0,0,1,0,0,0,0,0,0,2.38967990875244,625,529
4.09999990463257,14,6,0,2,1,1,0,1,0,1,0,0,0,0,0,1,0,0,0,1,1.41098701953888,36,0
3,13,3,1,2,2,2,0,1,0,1,0,0,0,0,1,0,0,0,0,0,1.09861195087433,9,1
5.90000009536743,12,14,7,1,2,1,2,1,0,1,0,0,0,0,0,1,0,0,0,0,1.77495205402374,196,49
18,18,13,0,2,1,2,0,1,0,1,0,0,0,0,0,0,1,1,0,0,2.89037203788757,169,0
4,12,9,0,2,2,2,0,1,0,1,0,0,0,0,0,0,1,1,0,0,1.38629400730133,81,0
3,12,1,0,1,2,2,0,1,0,1,0,0,0,0,0,1,0,0,0,0,1.09861195087433,1,0
3.54999995231628,12,6,0,2,1,1,1,0,0,0,0,0,0,0,0,0,0,0,0,0,1.26694798469543,36,0
3,12,11,1,2,1,1,2,0,0,0,0,0,0,0,0,1,0,0,0,1,1.09861195087433,121,1
8.75,12,47,44,2,2,1,0,0,0,0,0,0,0,0,0,0,0,0,0,0,2.16905403137207,2209,1936
2.90000009536743,8,49,6,2,1,2,1,0,0,0,0,0,1,0,0,0,0,0,0,0,1.0647109746933,2401,36
6.26000022888184,13,37,17,2,1,1,0,1,0,0,0,0,0,0,0,0,1,1,0,0,1.83417999744415,1369,289
3.5,13,2,0,2,1,2,0,1,0,0,0,0,0,0,1,0,0,1,0,0,1.25276303291321,4,0
4.59999990463257,14,7,0,2,1,1,0,1,0,0,0,0,0,0,1,0,0,0,1,0,1.52605605125427,49,0
6,12,22,8,2,2,2,2,1,0,0,0,0,0,0,1,0,0,1,0,0,1.79175901412964,484,64
2.89000010490417,10,8,0,2,1,2,1,1,0,0,0,0,0,0,0,0,0,0,0,0,1.06125700473785,64,0
5.57999992370605,16,1,1,2,2,1,0,1,0,0,0,0,0,0,0,0,1,0,1,0,1.71918904781342,1,1
4,12,43,6,2,1,1,0,0,0,0,0,0,0,1,0,0,0,0,0,0,1.38629400730133,1849,36
6,16,2,2,2,2,2,0,1,0,0,0,0,1,0,0,0,0,0,0,0,1.79175901412964,4,4
4.5,12,2,1,2,1,2,2,1,0,0,0,1,0,0,0,0,0,0,0,0,1.50407695770264,4,1
2.92000007629395,14,1,3,2,2,2,0,1,0,0,0,0,0,0,0,0,1,0,1,0,1.07158398628235,1,9
4.32999992370605,18,1,0,2,2,2,0,1,0,0,0,0,0,0,1,0,0,1,0,0,1.4655669927597,1,0
18.8899993896484,17,26,20,2,2,1,2,1,0,0,0,0,0,0,0,0,1,1,0,0,2.93863296508789,676,400
4.28000020980835,13,1,1,2,1,2,2,1,0,0,0,0,0,0,1,0,0,1,0,0,1.45395302772522,1,1
4.57000017166138,14,37,7,2,1,1,0,1,0,0,0,0,0,0,0,1,0,0,0,1,1.5195130109787,1369,49
6.25,15,12,4,2,1,1,2,1,0,0,0,0,0,0,0,0,1,1,0,0,1.83258199691772,144,16
2.95000004768372,14,41,23,1,2,1,0,0,1,0,0,0,0,0,0,0,1,1,0,0,1.08180499076843,1681,529
8.75,12,24,1,2,2,2,0,1,1,0,0,0,1,0,0,0,0,1,0,0,2.16905403137207,576,1
8.5,8,38,26,2,2,2,0,1,1,0,0,0,0,0,0,0,0,0,0,0,2.14006590843201,1444,676
3.75,12,18,0,2,1,1,4,1,1,0,0,0,0,0,0,0,1,0,1,0,1.32175600528717,324,0
3.15000009536743,12,26,1,2,2,1,0,1,1,0,0,0,0,0,1,0,0,1,0,0,1.14740300178528,676,1
5,8,45,2,2,2,2,0,0,1,0,0,0,1,0,0,0,0,0,0,0,1.60943794250488,2025,4
6.46000003814697,12,27,0,2,2,1,3,0,1,0,0,0,0,0,0,0,0,0,0,0,1.86562895774841,729,0
2,9,2,0,2,2,2,3,0,1,0,0,0,0,0,1,0,0,0,0,1,0.6931471824646,4,0
4.78999996185303,12,41,8,2,2,1,0,1,1,0,0,0,0,0,1,0,0,1,0,0,1.56652998924255,1681,64
5.78000020980835,16,11,4,2,2,1,2,1,1,0,0,0,1,0,0,0,0,1,0,0,1.75440394878387,121,16
3.1800000667572,12,5,0,2,1,1,0,1,1,0,0,0,0,0,0,0,1,0,0,1,1.15688097476959,25,0
4.67999982833862,16,3,1,2,1,2,0,1,1,0,0,0,0,0,0,0,1,1,0,0,1.54329800605774,9,1
4.09999990463257,12,3,2,2,1,2,0,1,1,0,0,0,0,0,0,0,1,0,0,1,1.41098701953888,9,4
2.91000008583069,12,4,0,2,2,1,0,1,0,1,0,0,0,0,1,0,0,0,0,0,1.06815302371979,16,0
6,13,21,13,2,2,1,4,0,0,1,0,0,1,0,0,0,0,0,0,0,1.79175901412964,441,169
3.59999990463257,10,34,26,2,1,1,0,0,0,1,0,0,1,0,0,0,0,0,0,0,1.2809339761734,1156,676
3.95000004768372,6,49,6,2,2,1,6,0,0,1,0,0,0,0,0,0,0,0,0,0,1.37371599674225,2401,36
7,12,6,5,1,2,1,1,0,0,1,0,1,0,0,0,0,0,0,0,0,1.94590997695923,36,25
3,12,26,9,2,1,1,0,0,0,1,0,0,0,0,0,1,0,0,0,1,1.09861195087433,676,81
6.07999992370605,16,9,0,2,2,2,0,0,0,1,0,0,0,0,0,1,0,1,0,0,1.80500495433807,81,0
8.63000011444092,12,23,9,2,2,1,1,0,0,1,0,0,1,0,0,0,0,0,0,0,2.15524506568909,529,81
3,8,33,2,2,2,1,0,0,0,1,0,0,1,0,0,0,0,0,0,0,1.09861195087433,1089,4
3.75,12,5,2,2,1,1,1,0,0,1,0,0,0,0,0,0,1,0,1,0,1.32175600528717,25,4
2.90000009536743,6,49,7,2,2,1,0,0,0,1,0,0,0,0,0,0,0,0,0,1,1.0647109746933,2401,49
3,4,48,0,1,2,1,0,0,0,1,0,0,1,0,0,0,0,0,0,0,1.09861195087433,2304,0
6.25,11,35,31,2,2,1,0,1,0,1,0,0,0,0,1,0,0,0,0,0,1.83258199691772,1225,961
3.5,11,23,2,1,1,2,2,0,0,1,0,0,1,0,0,0,0,0,0,0,1.25276303291321,529,4
3,7,26,1,2,1,2,3,0,0,1,0,0,0,0,1,0,0,0,0,1,1.09861195087433,676,1
3.24000000953674,12,16,0,2,1,1,2,1,0,1,0,0,0,0,1,0,0,0,1,0,1.17557299137115,256,0
8.02000045776367,18,23,3,2,1,1,1,1,0,1,0,0,0,0,0,0,1,1,0,0,2.08193898200989,529,9
3.32999992370605,12,36,8,2,1,1,1,1,0,1,0,0,0,0,0,0,1,0,1,0,1.20297205448151,1296,64
5.25,16,4,0,2,2,2,0,1,0,1,0,0,1,0,0,0,0,1,0,0,1.65822803974152,16,0
6.25,12,10,0,2,2,1,3,1,0,1,0,1,0,0,0,0,0,0,0,0,1.83258199691772,100,0
3.5,14,18,2,2,2,1,1,0,1,0,0,0,0,0,1,0,0,1,0,0,1.25276303291321,324,4
2.95000004768372,12,3,1,2,2,2,1,0,1,0,0,0,0,0,1,0,0,0,0,0,1.08180499076843,9,1
3,10,7,0,2,1,1,2,0,1,0,0,0,0,0,0,0,1,0,0,1,1.09861195087433,49,0
4.69000005722046,10,7,7,2,2,2,0,0,1,0,0,0,0,0,0,0,0,0,0,0,1.54543304443359,49,49
3.73000001907349,9,33,2,2,1,2,1,0,1,0,0,0,0,0,0,0,0,0,0,0,1.31640803813934,1089,4
4,10,34,12,2,2,1,0,0,1,0,0,0,0,0,0,0,0,0,0,0,1.38629400730133,1156,144
4,12,8,0,2,1,1,2,0,1,0,0,0,0,0,1,0,0,1,0,0,1.38629400730133,64,0
2.90000009536743,12,17,1,2,1,1,2,0,1,0,0,0,1,0,0,0,0,0,0,0,1.0647109746933,289,1
3.04999995231628,12,2,0,2,1,2,1,0,1,0,0,0,0,0,0,0,1,0,0,1,1.1151419878006,4,0
5.05000019073486,10,5,0,2,1,2,0,1,1,0,0,0,0,0,0,0,1,0,1,0,1.61938798427582,25,0
13.9499998092651,16,41,16,2,2,1,0,1,1,0,0,0,1,0,0,0,0,1,0,0,2.63547897338867,1681,256
18.1599998474121,16,35,28,2,2,1,1,1,1,0,0,0,1,0,0,0,0,1,0,0,2.89922094345093,1225,784
6.25,16,11,4,2,2,2,0,1,1,0,0,0,0,0,0,1,0,1,0,0,1.83258199691772,121,16
5.25,12,4,0,1,2,2,0,1,1,0,0,0,1,0,0,0,0,0,1,0,1.65822803974152,16,0
4.78999996185303,12,12,3,2,1,1,3,1,1,0,0,0,0,0,0,0,1,1,0,0,1.56652998924255,144,9
3.34999990463257,7,35,0,2,1,2,1,1,0,1,0,0,0,0,0,0,0,0,0,0,1.20896005630493,1225,0
3,8,33,0,2,2,1,1,1,0,1,0,0,0,1,0,0,0,0,0,0,1.09861195087433,1089,0
8.43000030517578,16,8,6,2,2,1,0,1,0,1,0,0,1,0,0,0,0,1,0,0,2.13179707527161,64,36
5.69999980926514,16,2,0,2,2,2,0,1,0,1,0,0,0,0,1,0,0,1,0,0,1.7404659986496,4,0
11.9799995422363,18,8,10,2,2,1,2,1,0,1,0,0,0,1,0,0,0,1,0,0,2.48323798179626,64,100
3.5,13,29,1,2,1,1,0,0,0,1,0,0,0,0,0,0,1,0,1,0,1.25276303291321,841,1
4.23999977111816,10,14,5,1,2,1,1,0,0,1,0,0,0,0,1,0,0,0,0,0,1.44456303119659,196,25
7,16,26,3,2,1,1,1,1,0,1,0,0,0,0,0,0,1,1,0,0,1.94590997695923,676,9
6,14,11,3,2,1,1,2,1,0,1,0,0,0,0,0,0,1,0,1,0,1.79175901412964,121,9
12.2200002670288,16,10,2,2,2,2,0,1,0,1,0,0,0,0,0,0,1,1,0,0,2.50307393074036,100,4
4.5,12,13,0,2,2,1,0,1,0,1,0,0,0,0,1,0,0,0,0,0,1.50407695770264,169,0
3,9,23,20,2,1,1,2,0,0,1,0,0,1,0,0,0,0,0,0,0,1.09861195087433,529,400
2.90000009536743,11,1,2,1,2,2,2,0,0,1,0,0,0,0,1,0,0,0,0,1,1.0647109746933,1,4
15,11,35,31,2,2,1,0,0,0,1,0,0,1,0,0,0,0,0,0,0,2.7080500125885,1225,961
4,12,5,2,2,2,1,0,0,0,1,0,1,0,0,0,0,0,0,0,0,1.38629400730133,25,4
5.25,11,13,11,2,2,1,2,0,0,1,0,0,1,0,0,0,0,0,0,0,1.65822803974152,169,121
4,12,22,3,2,2,1,3,0,0,1,0,0,1,0,0,0,0,0,0,0,1.38629400730133,484,9
3.29999995231628,12,21,9,2,1,1,2,0,0,1,0,0,0,0,1,0,0,1,0,0,1.19392204284668,441,81
5.05000019073486,12,19,0,2,1,1,3,0,0,1,0,0,0,0,0,0,1,0,1,0,1.61938798427582,361,0
3.57999992370605,12,13,0,2,2,2,0,1,0,1,0,0,0,0,0,1,0,0,0,0,1.27536296844482,169,0
5,14,15,5,2,2,1,2,0,0,1,0,0,0,0,1,0,0,1,0,0,1.60943794250488,225,25
4.57000017166138,14,3,0,2,2,1,0,0,0,1,0,0,0,0,0,0,1,1,0,0,1.5195130109787,9,0
12.5,18,6,2,2,2,2,0,1,0,1,0,0,0,0,0,1,0,0,1,0,2.52572894096375,36,4
3.45000004768372,12,6,5,2,1,1,0,1,0,1,0,0,0,0,1,0,0,0,1,0,1.23837399482727,36,25
4.63000011444092,12,16,1,2,1,2,0,1,0,1,0,0,0,0,0,0,1,0,1,0,1.53255701065063,256,1
10,12,31,2,2,2,1,0,1,0,1,0,0,0,0,1,0,0,1,0,0,2.3025848865509,961,4
2.92000007629395,11,1,0,2,1,2,1,0,1,0,0,0,0,0,1,0,0,0,0,1,1.07158398628235,1,0
4.51000022888184,12,5,2,2,2,2,0,1,1,0,0,0,0,0,1,0,0,0,0,0,1.50629699230194,25,4
6.5,17,3,0,2,2,1,0,1,1,0,0,0,0,0,0,0,1,1,0,0,1.87180197238922,9,0
7.5,16,11,0,2,2,1,0,1,1,0,0,0,0,0,0,1,0,1,0,0,2.01490306854248,121,0
3.53999996185303,13,6,7,2,1,1,0,0,1,0,0,0,0,0,0,0,1,0,1,0,1.2641270160675,36,49
4.19999980926514,13,11,3,2,1,1,2,1,1,0,0,0,0,0,1,0,0,0,1,0,1.43508398532867,121,9
3.50999999046326,12,7,2,2,1,1,0,1,1,0,0,0,0,0,1,0,0,0,1,0,1.25561594963074,49,4
4.5,14,5,0,2,2,1,0,1,1,0,0,1,0,0,0,0,0,1,0,0,1.50407695770264,25,0
3.34999990463257,14,5,4,2,1,1,0,1,1,0,0,0,0,0,1,0,0,1,0,0,1.20896005630493,25,16
2.91000008583069,11,2,2,2,2,2,2,1,1,0,0,0,0,0,1,0,0,0,0,1,1.06815302371979,4,4
5.25,10,44,7,2,2,1,1,1,1,0,0,0,0,0,0,0,0,0,0,0,1.65822803974152,1936,49
4.05000019073486,8,44,25,2,2,1,0,1,1,0,0,0,1,0,0,0,0,0,0,1,1.398717045784,1936,625
3.75,14,13,0,2,1,1,3,1,1,0,0,0,0,0,1,0,0,0,1,0,1.32175600528717,169,0
3.40000009536743,12,26,15,2,1,1,1,1,1,0,0,1,0,0,0,0,0,0,1,0,1.22377598285675,676,225
3,10,2,1,2,1,2,1,1,0,1,0,0,0,0,1,0,0,0,1,0,1.09861195087433,4,1
6.28999996185303,17,10,3,2,2,1,1,1,0,1,0,0,0,0,0,1,0,1,0,0,1.83896100521088,100,9
2.53999996185303,9,2,0,2,1,2,1,1,0,1,0,0,0,0,1,0,0,0,0,1,0.932164072990417,4,0
4.5,12,35,0,2,1,1,1,1,0,1,0,0,0,0,1,0,0,0,1,0,1.50407695770264,1225,0
3.13000011444092,12,6,5,2,1,1,1,1,0,1,0,0,0,0,0,0,1,0,1,0,1.14103305339813,36,25
6.3600001335144,14,8,1,2,2,1,0,1,0,1,0,0,0,0,1,0,0,1,0,0,1.8500280380249,64,1
4.67999982833862,16,1,0,2,2,2,0,1,0,1,0,0,1,0,0,0,0,1,0,0,1.54329800605774,1,0
6.80000019073486,12,14,10,2,2,1,2,0,0,1,0,0,1,0,0,0,0,0,0,0,1.91692304611206,196,100
8.52999973297119,10,14,6,2,2,1,0,0,0,1,0,0,0,0,0,0,0,0,0,0,2.14358901977539,196,36
4.17000007629395,0,22,10,2,1,2,0,0,0,1,0,0,0,0,0,1,0,0,0,0,1.42791604995728,484,100
3.75,14,8,4,2,1,1,0,0,0,1,0,0,0,1,0,0,0,1,0,0,1.32175600528717,64,16
11.1000003814697,15,1,4,2,1,2,2,0,0,1,0,0,0,0,0,0,1,0,1,0,2.40694499015808,1,16
3.25999999046326,16,15,5,1,1,1,2,1,0,1,0,0,0,0,1,0,0,1,0,0,1.18172705173492,225,25
9.13000011444092,12,14,12,2,2,1,3,1,0,1,0,0,1,0,0,0,0,1,0,0,2.21156597137451,196,144
4.5,11,37,10,2,2,1,2,1,0,1,0,0,1,0,0,0,0,0,0,0,1.50407695770264,1369,100
3,11,1,1,2,1,2,1,1,0,1,0,0,0,0,0,0,1,0,0,1,1.09861195087433,1,1
8.75,12,4,4,2,2,1,0,1,0,1,0,0,0,0,0,0,1,0,1,0,2.16905403137207,16,16
4.1399998664856,13,29,0,2,1,1,0,1,0,1,0,0,0,0,1,0,0,0,1,0,1.42069602012634,841,0
2.86999988555908,12,45,8,2,1,1,0,0,1,0,0,0,0,0,1,0,0,1,0,0,1.05431199073792,2025,64
3.34999990463257,13,22,0,2,1,2,2,0,1,0,0,0,0,0,1,0,0,0,1,0,1.20896005630493,484,0
6.07999992370605,16,42,10,2,2,2,0,0,1,0,0,0,0,0,1,0,0,1,0,0,1.80500495433807,1764,100
3,15,9,0,1,2,2,0,0,1,0,0,0,0,0,0,1,0,0,0,0,1.09861195087433,81,0
4.19999980926514,16,8,0,2,1,1,1,1,1,0,0,0,0,0,0,0,1,0,1,0,1.43508398532867,64,0
5.59999990463257,15,31,15,2,1,2,2,1,1,0,0,0,0,0,0,0,1,0,0,1,1.72276699542999,961,225
10,12,24,24,2,2,1,0,1,1,0,0,0,1,0,0,0,0,0,0,0,2.3025848865509,576,576
12.5,18,16,5,2,2,1,1,1,1,0,0,0,0,0,0,0,1,1,0,0,2.52572894096375,256,25
3.75999999046326,6,6,0,2,2,2,4,0,0,1,0,0,0,0,0,0,0,0,0,0,1.32441902160645,36,0
3.09999990463257,6,14,0,1,1,2,5,1,0,1,0,0,0,0,1,0,0,0,1,0,1.13140201568604,196,0
4.28999996185303,12,47,25,2,1,1,2,1,0,1,0,0,1,0,0,0,0,0,1,0,1.45628702640533,2209,625
10.9200000762939,12,34,5,2,2,1,0,0,0,1,0,0,0,0,0,0,1,1,0,0,2.39059591293335,1156,25
7.5,16,6,2,2,1,1,1,1,0,1,0,0,0,0,0,0,1,1,0,0,2.01490306854248,36,4
4.05000019073486,9,7,4,2,1,1,1,1,0,1,0,0,0,0,0,0,0,0,0,0,1.398717045784,49,16
4.65000009536743,12,27,2,2,2,1,3,1,0,1,0,0,0,0,0,0,0,0,0,1,1.53686702251434,729,4
5,11,24,5,2,2,1,0,1,0,1,0,0,0,0,1,0,0,0,0,0,1.60943794250488,576,25
2.90000009536743,10,18,0,2,1,1,2,0,0,1,0,0,0,0,1,0,0,0,1,0,1.0647109746933,324,0
8,12,12,3,1,1,2,1,0,0,1,0,0,0,0,0,0,0,0,0,0,2.07944202423096,144,9
8.43000030517578,8,27,3,2,2,1,3,1,0,1,0,0,1,0,0,0,0,0,0,0,2.13179707527161,729,9
2.92000007629395,9,49,0,2,1,2,0,1,0,1,0,0,0,0,0,1,0,0,0,0,1.07158398628235,2401,0
6.25,17,4,0,2,1,2,0,1,0,0,1,0,0,0,1,0,0,1,0,0,1.83258199691772,16,0
6.25,16,24,2,2,1,1,2,1,0,0,1,0,0,0,0,0,1,1,0,0,1.83258199691772,576,4
5.1100001335144,11,3,0,2,2,2,0,1,0,0,1,1,0,0,0,0,0,0,0,0,1.63119900226593,9,0
4,10,2,0,2,1,2,1,1,0,0,1,0,0,0,0,1,0,0,0,0,1.38629400730133,4,0
4.44000005722046,8,29,11,2,2,1,3,0,0,1,0,0,0,0,1,0,0,1,0,0,1.49065399169922,841,121
6.88000011444092,13,34,21,2,2,1,0,0,0,1,0,0,0,0,0,1,0,1,0,0,1.92861902713776,1156,441
5.42999982833862,14,10,3,1,2,1,1,1,0,1,0,0,0,0,1,0,0,1,0,0,1.691938996315,100,9
3,13,5,0,2,1,2,1,1,0,1,0,0,0,0,0,0,1,0,0,1,1.09861195087433,25,0
2.90000009536743,11,2,0,2,1,2,2,1,0,1,0,0,0,0,1,0,0,1,0,0,1.0647109746933,4,0
6.25,7,39,21,1,2,1,0,1,0,1,0,0,0,0,1,0,0,0,0,0,1.83258199691772,1521,441
4.34000015258789,16,5,2,1,1,2,0,1,0,1,0,0,0,0,0,0,1,0,1,0,1.46787405014038,25,4
3.25,12,14,2,2,1,1,2,0,0,1,0,0,0,1,0,0,0,0,1,0,1.1786550283432,196,4
7.26000022888184,13,8,2,2,2,2,0,1,0,1,0,0,0,0,1,0,0,1,0,0,1.98238003253937,64,4
6.34999990463257,14,10,1,2,1,1,2,1,0,1,0,0,0,0,0,0,0,0,0,0,1.84845495223999,100,1
5.63000011444092,16,2,2,2,2,1,0,1,0,0,0,0,0,0,1,0,0,0,0,1,1.72810900211334,4,4
8.75,14,9,3,2,2,1,1,1,0,0,0,0,1,0,0,0,0,1,0,0,2.16905403137207,81,9
3.20000004768372,11,1,0,2,2,2,0,0,0,0,0,0,0,0,1,0,0,0,0,1,1.16315102577209,1,0
3,8,45,1,2,1,1,0,0,0,0,0,0,0,0,0,0,0,0,0,0,1.09861195087433,2025,1
3,14,33,3,2,1,1,0,1,0,0,0,0,0,0,0,0,1,0,0,1,1.09861195087433,1089,9
12.5,17,21,18,2,2,1,3,1,0,0,0,0,0,0,0,0,0,1,0,0,2.52572894096375,441,324
2.88000011444092,10,2,0,2,1,2,3,1,0,0,0,0,0,0,1,0,0,0,1,0,1.05779004096985,4,0
3.34999990463257,12,9,1,2,2,1,0,1,1,0,0,0,0,0,1,0,0,0,0,0,1.20896005630493,81,1
6.5,12,33,2,2,2,1,0,0,1,0,0,0,0,0,0,0,0,0,0,0,1.87180197238922,1089,4
10.3800001144409,18,16,2,1,2,1,1,1,1,0,0,0,0,0,0,0,1,1,0,0,2.33988094329834,256,4
4.5,14,10,0,2,2,1,0,1,1,0,0,0,0,0,0,0,1,0,0,0,1.50407695770264,100,0
10,18,9,8,2,2,2,0,0,1,0,0,0,0,1,0,0,0,1,0,0,2.3025848865509,81,64
3.80999994277954,12,8,1,2,1,1,2,0,1,0,0,0,0,0,0,1,0,0,0,1,1.33762896060944,64,1
8.80000019073486,16,9,1,2,2,1,0,0,0,1,0,0,0,0,0,0,1,1,0,0,2.17475199699402,81,1
9.42000007629395,14,23,0,2,1,1,2,0,0,1,0,0,0,0,0,1,0,0,0,0,2.24283504486084,529,0
6.32999992370605,12,23,8,2,2,1,2,0,0,1,0,0,0,0,0,0,0,1,0,0,1.84529995918274,529,64
4,9,22,18,1,2,2,0,0,0,1,0,0,0,0,0,0,0,0,0,0,1.38629400730133,484,324
2.90000009536743,12,37,0,2,1,1,0,0,0,1,0,0,0,0,1,0,0,1,0,0,1.0647109746933,1369,0
20,12,22,4,2,2,1,1,0,0,1,0,0,0,0,1,0,0,1,0,0,2.9957320690155,484,16
11.25,17,28,25,2,2,1,1,1,0,1,0,0,1,0,0,0,0,0,0,0,2.4203679561615,784,625
3.5,12,14,0,1,1,2,2,1,0,1,0,1,0,0,0,0,0,0,0,0,1.25276303291321,196,0
6,15,19,4,2,1,1,2,1,0,1,0,0,0,0,0,0,1,0,0,1,1.79175901412964,361,16
14.3800001144409,17,10,9,1,2,1,1,0,0,1,0,0,1,0,0,0,0,1,0,0,2.66583800315857,100,81
6.3600001335144,16,25,0,2,2,1,1,1,0,1,0,0,1,0,0,0,0,1,0,0,1.8500280380249,625,0
3.54999995231628,12,21,0,2,1,1,1,0,0,1,0,0,1,0,0,0,0,0,0,0,1.26694798469543,441,0
3,15,32,0,2,2,1,0,1,0,1,0,0,0,0,0,1,0,0,0,1,1.09861195087433,1024,0
4.5,16,21,10,2,2,1,1,1,0,1,0,0,0,0,1,0,0,1,0,0,1.50407695770264,441,100
6.63000011444092,12,36,0,2,1,2,0,1,0,1,0,0,0,0,1,0,0,0,1,0,1.8916050195694,1296,0
9.30000019073486,15,2,2,2,2,1,0,1,0,1,0,0,0,0,1,0,0,0,0,0,2.23001408576965,4,4
3,12,11,0,2,1,1,2,1,0,1,0,0,0,0,1,0,0,1,0,0,1.09861195087433,121,0
3.25,12,40,2,2,1,2,0,0,1,0,0,0,0,0,1,0,0,0,0,1,1.1786550283432,1600,4
1.5,12,11,1,2,1,1,2,0,1,0,0,0,0,0,0,0,1,0,0,1,0.405465096235275,121,1
5.90000009536743,12,9,7,2,1,1,1,1,1,0,0,0,0,0,0,0,0,0,0,0,1.77495205402374,81,49
8,16,23,4,2,2,2,0,1,1,0,0,0,0,0,1,0,0,1,0,0,2.07944202423096,529,16
2.90000009536743,11,1,0,2,1,2,1,1,1,0,0,0,0,0,1,0,0,1,0,0,1.0647109746933,1,0
3.28999996185303,14,30,13,2,2,2,0,1,1,0,0,0,0,0,1,0,0,1,0,0,1.19088804721832,900,169
6.5,14,41,33,2,2,1,0,1,1,0,0,0,0,0,1,0,0,1,0,0,1.87180197238922,1681,1089
4,13,6,0,2,1,2,1,1,1,0,0,1,0,0,0,0,0,0,1,0,1.38629400730133,36,0
6,14,11,0,2,2,1,0,0,1,0,0,0,0,0,1,0,0,0,0,0,1.79175901412964,121,0
4.07999992370605,12,43,17,2,1,1,0,1,1,0,0,0,0,0,0,0,1,0,1,0,1.40609705448151,1849,289
3.75,12,39,2,2,1,1,0,1,1,0,0,0,0,0,0,1,0,1,0,0,1.32175600528717,1521,4
3.04999995231628,8,50,24,2,1,2,0,0,0,1,0,0,1,0,0,0,0,0,0,0,1.1151419878006,2500,576
3.5,12,26,20,2,1,1,0,0,0,1,0,0,1,0,0,0,0,0,0,0,1.25276303291321,676,400
2.92000007629395,3,51,30,1,2,2,0,1,0,1,0,0,0,0,0,1,0,0,0,1,1.07158398628235,2601,900
4.5,11,3,9,2,2,2,0,1,0,1,0,1,0,0,0,0,0,0,0,0,1.50407695770264,9,81
3.34999990463257,15,3,1,2,1,1,2,1,0,1,0,0,0,0,0,1,0,0,1,0,1.20896005630493,9,1
5.94999980926514,11,15,9,1,2,1,1,0,0,1,0,1,0,0,0,0,0,0,0,0,1.78339099884033,225,81
8,12,17,6,2,2,1,2,0,0,1,0,0,0,0,1,0,0,1,0,0,2.07944202423096,289,36
3,4,36,0,2,2,1,1,0,0,1,0,1,0,0,0,0,0,0,0,0,1.09861195087433,1296,0
5,9,31,9,1,2,1,6,0,0,1,0,0,0,0,0,0,0,0,0,0,1.60943794250488,961,81
5.5,12,9,4,2,2,1,1,0,0,1,0,0,0,0,1,0,0,0,0,0,1.70474803447723,81,16
2.65000009536743,12,42,10,2,1,1,0,1,0,0,1,0,0,0,0,1,0,0,1,0,0.974559724330902,1764,100
3,11,3,0,2,1,2,2,1,0,0,1,0,0,0,1,0,0,0,0,0,1.09861195087433,9,0
4.5,12,37,14,2,1,1,0,0,0,0,1,0,0,0,0,0,1,0,1,0,1.50407695770264,1369,196
17.5,16,23,22,2,2,1,3,1,0,0,1,0,0,0,1,0,0,1,0,0,2.86220097541809,529,484
8.18000030517578,13,21,5,2,2,2,0,1,0,0,1,0,0,0,1,0,0,1,0,0,2.10169196128845,441,25
9.09000015258789,15,11,12,2,2,1,1,1,0,0,1,0,0,1,0,0,0,1,0,0,2.2071750164032,121,144
11.8199996948242,16,35,13,2,2,1,0,1,0,0,1,0,0,1,0,0,0,1,0,0,2.46979308128357,1225,169
3.25,12,42,0,2,1,1,0,1,0,0,1,0,0,0,1,0,0,1,0,0,1.1786550283432,1764,0
4.5,12,3,0,2,2,2,0,1,0,0,1,0,0,0,0,0,0,0,0,0,1.50407695770264,9,0
4.5,12,13,0,2,2,1,0,1,0,0,1,0,0,0,0,0,0,0,0,0,1.50407695770264,169,0
3.71000003814697,9,14,7,2,2,1,2,0,0,1,0,0,1,0,0,0,0,0,0,0,1.31103205680847,196,49
6.5,10,14,11,2,2,1,3,0,0,1,0,0,0,0,1,0,0,0,0,0,1.87180197238922,196,121
2.90000009536743,12,39,1,2,1,1,0,0,0,1,0,0,0,0,0,0,1,0,0,1,1.0647109746933,1521,1
5.59999990463257,11,11,8,2,2,1,2,0,0,1,0,0,0,0,0,0,0,0,1,0,1.72276699542999,121,64
2.23000001907349,8,28,3,2,2,1,4,0,0,1,0,0,0,0,0,0,1,1,0,0,0.802001595497131,784,9
5,6,18,0,2,1,1,3,1,0,0,1,0,0,0,1,0,0,0,0,1,1.60943794250488,324,0
8.32999992370605,16,6,2,2,2,1,0,1,0,0,1,0,0,1,0,0,0,0,1,0,2.11986398696899,36,4
2.90000009536743,12,26,1,2,1,2,4,1,0,1,0,0,0,0,1,0,0,0,1,0,1.0647109746933,676,1
6.25,12,21,6,2,2,1,3,1,0,1,0,0,0,0,1,0,0,1,0,0,1.83258199691772,441,36
4.55000019073486,16,34,2,2,2,1,0,0,0,1,0,0,0,0,0,0,1,1,0,0,1.51512694358826,1156,4
3.27999997138977,12,17,2,2,1,2,0,0,0,1,0,0,0,0,0,0,1,0,0,1,1.18784296512604,289,4
2.29999995231628,10,2,0,2,1,2,4,1,1,0,0,0,0,0,1,0,0,0,0,1,0.832909107208252,4,0
3.29999995231628,13,5,0,2,1,2,0,1,1,0,0,0,0,0,0,0,1,1,0,0,1.19392204284668,25,0
3.15000009536743,13,1,0,2,1,2,4,1,1,0,0,0,0,1,0,0,0,0,1,0,1.14740300178528,1,0
12.5,14,40,30,2,2,1,0,1,1,0,0,0,0,0,0,0,0,1,0,0,2.52572894096375,1600,900
5.15000009536743,16,39,21,2,1,2,0,1,0,0,1,0,0,0,0,0,1,0,1,0,1.6389969587326,1521,441
3.13000011444092,10,1,1,2,2,2,2,1,0,0,1,0,0,0,1,0,0,0,0,1,1.14103305339813,1,1
7.25,12,14,5,2,2,1,3,1,0,0,1,0,0,1,0,0,0,0,0,0,1.98100101947784,196,25
2.90000009536743,12,2,2,2,1,2,0,1,0,0,1,0,0,0,0,0,1,0,1,0,1.0647109746933,4,4
1.75,11,2,1,2,2,2,2,1,0,0,1,0,0,0,1,0,0,0,0,1,0.559615790843964,4,1
2.89000010490417,0,42,0,2,1,1,2,0,0,0,1,0,0,0,0,1,0,0,0,0,1.06125700473785,1764,0
2.90000009536743,5,34,0,2,1,1,5,0,0,0,1,0,1,0,0,0,0,0,0,0,1.0647109746933,1156,0
17.7099990844727,16,10,3,2,2,1,1,1,0,0,1,1,0,0,0,0,0,1,0,0,2.87412905693054,100,9
6.25,16,4,3,2,2,1,0,0,0,0,1,0,0,1,0,0,0,0,0,1,1.83258199691772,16,9
2.59999990463257,9,4,0,2,2,2,1,0,0,0,1,0,0,0,1,0,0,0,0,0,0.955511391162872,16,0
6.63000011444092,15,21,3,2,1,1,2,0,0,0,1,0,0,0,0,0,1,1,0,0,1.8916050195694,441,9
3.5,12,31,3,1,1,2,1,1,0,0,1,0,0,0,0,1,0,0,0,0,1.25276303291321,961,9
6.5,12,20,14,2,2,1,3,1,0,0,1,0,0,0,1,0,0,0,0,0,1.87180197238922,400,196
3,12,36,1,1,1,2,0,1,0,0,1,0,0,0,0,1,0,0,0,0,1.09861195087433,1296,1
4.38000011444092,13,7,0,1,2,1,1,1,0,0,1,0,1,0,0,0,0,0,0,0,1.47704899311066,49,0
10,12,15,0,2,2,2,1,0,0,0,0,0,0,0,0,1,0,1,0,0,2.3025848865509,225,0
4.94999980926514,7,25,17,2,2,1,5,0,0,0,0,1,0,0,0,0,0,0,0,0,1.5993880033493,625,289
9,17,7,0,2,1,1,2,0,0,0,0,0,0,0,0,0,1,1,0,0,2.19722509384155,49,0
1.42999994754791,12,17,0,2,1,1,2,0,0,0,0,0,0,0,1,0,0,0,0,0,0.357674390077591,289,0
3.07999992370605,12,3,1,2,2,2,0,0,0,0,0,0,0,0,0,0,1,1,0,0,1.12493002414703,9,1
9.32999992370605,14,12,11,2,2,1,3,0,0,0,0,0,0,0,0,0,1,1,0,0,2.23323488235474,144,121
7.5,12,18,5,2,2,1,2,0,0,0,1,0,0,0,1,0,0,0,0,0,2.01490306854248,324,25
4.75,13,47,1,2,2,1,0,0,0,0,1,0,0,0,1,0,0,0,0,0,1.55814504623413,2209,1
5.65000009536743,12,2,0,2,2,2,0,0,0,0,1,1,0,0,0,0,0,0,0,0,1.73165595531464,4,0
15,16,14,2,2,1,1,2,0,0,0,1,0,0,0,0,0,1,1,0,0,2.7080500125885,196,4
2.26999998092651,10,2,0,2,1,2,3,0,0,0,1,0,0,0,1,0,0,1,0,0,0.819779813289642,4,0
4.67000007629395,15,13,18,2,2,1,3,0,0,0,1,1,0,0,0,0,0,1,0,0,1.54115903377533,169,324
11.5600004196167,16,5,1,2,2,1,0,0,0,0,1,0,1,0,0,0,0,0,0,0,2.44755101203918,25,1
3.5,14,5,4,1,1,2,2,0,0,0,1,0,0,0,0,0,1,0,1,0,1.25276303291321,25,16
