Hillary Clinton,Donald Trump,Jill Stein,Gary Johnson,None Of The Above,I Probably Won't Vote,Hillary Clinton is involved in many coverups,Trump changes his positions all of the time,Hillary Clinton lied to the families of Americans killed in Benghazi,Trump is a successful businessman,Trump's temper could get the country into trouble,I wish another candidate had won the primary,Need to do more research,Don't like  any candidate,Not sure which candidate shares my values,Waiting for debates
0,0,0,0,1,0,0,0,0,1,0,0,0,0,1,0
0,0,0,0,1,0,0,0,0,0,0,0,1,0,0,0
1,0,0,0,0,0,0,0,0,0,0,0,1,0,0,0
0,1,0,0,0,0,0,0,0,0,0,0,0,0,0,1
1,0,0,0,0,0,1,0,0,0,1,0,0,1,0,0
0,0,1,0,0,0,0,0,0,0,0,0,0,1,0,0
0,0,0,0,1,0,0,0,0,0,0,1,0,0,0,0
1,0,0,0,0,0,0,0,0,0,0,0,0,0,0,0
0,0,0,0,1,0,0,0,0,1,1,0,1,1,1,0
0,1,0,0,0,0,0,0,0,0,0,0,0,0,0,1
0,0,0,0,1,0,0,0,0,0,0,1,0,0,0,0
0,0,0,0,0,1,0,0,0,0,0,0,1,0,0,0
1,0,0,0,0,0,0,0,0,0,0,0,0,0,0,0
0,1,0,0,0,0,0,0,1,0,0,0,1,0,0,0
0,1,0,0,0,0,0,0,1,0,0,0,0,0,1,0
0,0,1,0,0,0,0,0,0,0,0,0,1,0,0,0
1,0,0,0,0,0,0,0,0,0,1,0,0,0,0,0
0,1,0,0,0,0,0,0,0,0,0,0,0,0,0,1
0,0,0,0,1,0,0,0,0,0,0,0,1,0,0,0
0,0,0,1,0,0,1,0,0,0,0,0,0,0,0,0
0,0,0,0,1,0,0,0,0,0,0,1,0,0,0,0
0,0,0,0,1,0,0,0,0,0,0,0,0,0,0,0
0,0,0,0,0,1,1,0,0,1,0,1,0,0,0,0
0,0,0,0,0,1,0,0,0,0,0,0,0,0,1,0
0,0,0,1,0,0,0,1,0,0,0,1,0,0,0,1
0,0,0,0,0,1,1,1,0,0,0,0,0,0,0,0
0,0,0,1,0,0,0,0,0,0,0,0,0,0,0,1
0,0,0,1,0,0,1,0,0,0,0,0,0,1,0,0
0,0,0,0,1,0,0,0,0,0,0,0,0,0,0,0
0,0,1,0,0,0,0,0,0,0,0,1,0,0,0,0
0,0,0,0,0,1,0,0,0,0,0,0,0,0,0,0
0,1,0,0,0,0,0,0,0,1,0,0,0,1,0,0
0,0,0,0,1,0,0,0,0,0,0,0,0,0,0,0
0,1,0,0,0,0,1,0,0,0,0,0,0,0,0,0
1,0,0,0,0,0,0,0,0,0,0,0,0,0,0,0
0,0,0,1,0,0,0,1,1,0,0,0,0,1,0,0
0,0,0,0,0,1,0,0,0,0,0,0,0,0,0,0
0,0,0,0,1,0,0,0,0,0,0,0,0,0,0,0
0,0,0,0,0,1,0,0,0,0,0,0,1,0,0,0
1,0,0,0,0,0,0,0,0,0,0,0,1,0,0,0
0,0,0,0,1,0,1,1,0,0,0,0,0,0,1,0
0,0,0,0,1,0,0,0,0,0,0,0,0,0,0,0
0,1,0,0,0,0,0,0,1,0,0,0,0,0,0,0
0,0,0,0,0,1,0,1,0,0,1,1,0,0,0,0
0,0,1,0,0,0,1,1,0,0,0,0,0,0,1,0
0,0,0,0,0,1,0,0,0,0,0,0,0,1,0,0
0,0,0,0,1,0,0,0,0,0,0,0,1,0,0,0
0,1,0,0,0,0,1,0,0,0,0,0,0,0,0,0
0,0,0,0,1,0,1,0,0,1,0,1,0,0,0,0
0,0,0,0,1,0,0,0,0,0,0,1,0,0,0,0
0,0,0,0,0,1,0,0,0,0,0,0,0,0,1,0
0,0,0,0,1,0,0,0,0,0,0,0,0,0,0,0
1,0,0,0,0,0,0,1,0,1,0,1,0,0,0,0
0,0,0,0,0,1,0,0,0,0,0,0,0,0,0,0
0,0,0,0,0,1,1,0,0,0,0,1,0,0,0,0
0,0,0,0,0,1,0,0,0,0,0,1,0,0,0,0
0,1,0,0,0,0,0,0,1,1,0,0,1,0,0,1
0,1,0,0,0,0,0,0,0,0,0,0,0,0,0,0
0,0,0,0,1,0,0,0,0,0,0,0,1,0,0,0
0,1,0,0,0,0,0,0,1,0,0,0,0,0,0,0
0,1,0,0,0,0,0,0,1,0,0,0,1,0,0,0
0,0,0,0,0,1,0,0,0,0,0,0,0,0,0,0
0,0,0,1,0,0,1,0,0,0,0,0,0,0,1,0
0,1,0,0,0,0,0,1,0,0,0,0,0,0,0,0
0,0,0,0,0,1,0,0,0,0,0,1,0,0,0,0
0,1,0,0,0,0,0,0,0,0,0,1,0,0,0,0
0,0,0,1,0,0,0,1,0,0,0,0,0,0,1,0
0,0,0,0,1,0,0,0,0,0,0,1,1,0,1,0
0,0,0,0,0,1,0,0,0,0,0,1,0,0,0,0
0,0,0,0,1,0,0,0,0,1,0,0,0,0,0,0
0,0,0,0,0,1,0,0,0,0,0,0,0,0,0,0
0,0,0,0,0,1,0,1,1,0,0,0,0,0,0,1
0,0,0,0,1,0,0,0,0,0,0,0,1,0,0,0
0,0,0,0,0,1,0,0,0,0,0,0,0,0,0,0
0,1,0,0,0,0,1,0,0,1,0,0,0,0,0,0
0,0,0,0,0,1,0,0,0,0,0,0,0,1,0,0
1,0,0,0,0,0,0,0,0,0,1,0,0,0,0,0
0,0,0,0,1,0,0,0,0,0,0,0,0,0,0,0
0,0,0,0,1,0,0,1,0,0,0,0,0,0,1,0
0,1,0,0,0,0,0,0,0,0,0,0,0,0,1,0
0,1,0,0,0,0,0,0,0,0,0,1,0,0,0,0
0,0,0,0,0,1,0,0,0,0,0,0,0,0,0,0
0,1,0,0,0,0,0,0,0,0,0,0,0,0,0,0
0,0,0,0,0,1,0,0,0,0,0,0,0,0,0,0
1,0,0,0,0,0,1,0,0,1,0,1,0,0,0,0
0,0,0,0,0,1,0,0,0,0,0,0,1,0,0,0
1,0,0,0,0,0,0,0,0,0,0,0,0,0,0,1
1,0,0,0,0,0,0,0,1,1,0,0,0,0,0,0
1,0,0,0,0,0,0,0,0,0,1,0,0,1,0,0
0,0,0,0,0,1,0,0,0,0,0,0,1,0,0,0
1,0,0,0,0,0,0,0,0,0,0,0,1,0,0,0
1,0,0,0,0,0,0,0,0,0,0,0,0,0,1,0
0,0,0,0,0,1,1,0,0,0,0,1,0,0,0,0
0,0,0,0,0,1,0,0,0,0,0,0,0,0,1,0
1,0,0,0,0,0,0,1,0,0,0,0,0,0,0,0
0,0,0,0,1,0,0,0,0,0,0,0,1,0,0,0
0,0,0,0,1,0,0,0,1,0,0,0,0,1,0,0
0,0,0,0,1,0,0,0,0,0,1,0,0,0,0,0
0,0,0,0,1,0,0,1,0,0,0,0,0,0,0,0
0,1,0,0,0,0,1,0,0,1,0,0,0,0,0,0
0,0,0,0,1,0,0,1,0,0,0,1,0,0,0,0
0,0,0,0,1,0,0,0,0,0,1,0,0,1,1,0
0,0,0,0,1,0,0,0,0,0,0,0,1,0,0,0
0,0,0,0,1,0,0,0,0,0,0,0,0,0,0,0
0,0,0,0,1,0,0,0,0,0,0,0,0,0,0,0
0,0,0,0,0,1,0,1,1,0,0,0,0,0,0,0
0,0,0,0,0,1,1,0,0,1,0,1,0,0,0,0
0,0,0,0,0,1,0,0,0,0,0,0,0,0,0,0
1,0,0,0,0,0,0,1,0,0,0,1,1,0,0,0
1,0,0,0,0,0,0,0,0,0,1,0,0,0,0,0
0,0,1,0,0,0,0,0,0,0,0,0,0,0,0,1
0,0,0,0,1,0,0,0,0,0,0,1,0,0,0,1
0,0,0,0,0,1,0,1,1,1,0,0,0,0,0,0
0,0,0,1,0,0,1,0,0,0,0,0,0,1,0,0
0,0,0,0,0,1,0,0,0,0,0,0,0,0,0,1
0,1,0,0,0,0,0,0,0,0,0,0,0,0,1,0
0,0,0,0,1,0,0,0,0,0,0,0,0,0,1,0
1,0,0,0,0,0,1,0,0,0,0,1,0,0,0,0
0,0,0,0,0,1,0,0,0,0,0,0,0,0,0,0
0,0,0,0,1,0,0,0,0,0,0,0,0,0,0,0
0,0,0,0,0,1,0,1,0,0,0,0,0,0,1,0
1,0,0,0,0,0,0,1,0,0,0,0,1,0,0,0
0,0,0,0,0,1,0,0,0,0,0,1,0,0,0,0
1,0,0,0,0,0,0,0,0,0,0,0,0,0,1,0
0,0,0,0,1,0,0,0,0,0,0,0,0,0,0,0
1,0,0,0,0,0,0,0,0,1,0,1,0,0,0,0
0,0,0,0,1,0,0,0,0,0,0,1,0,0,0,0
0,0,0,0,0,1,0,0,0,0,1,0,0,0,0,0
0,0,0,0,1,0,0,0,0,0,0,1,0,0,0,0
0,0,0,0,0,1,0,0,0,0,0,0,1,0,0,0
0,0,0,0,0,1,0,0,0,0,0,0,1,0,0,0
0,0,0,0,0,1,0,0,0,0,0,0,0,0,0,0
1,0,0,0,0,0,0,0,0,0,1,0,1,0,0,0
0,0,1,0,0,0,0,1,0,0,0,1,0,0,0,0
0,0,0,1,0,0,0,0,0,0,0,0,0,0,0,0
0,0,0,0,1,0,0,0,0,0,1,0,1,0,0,0
0,0,1,0,0,0,0,0,0,0,1,1,0,0,0,0
0,1,0,0,0,0,0,0,0,0,0,0,0,0,1,0
0,0,0,0,0,1,0,0,0,0,0,0,0,0,1,0
1,0,0,0,0,0,0,0,0,1,0,1,0,0,0,0
0,1,0,0,0,0,0,0,0,0,0,0,0,0,0,1
0,1,0,0,0,0,1,1,0,0,0,0,0,0,0,0
0,0,0,0,1,0,1,0,0,0,0,1,0,0,0,0
0,0,0,0,1,0,1,0,0,0,0,0,1,0,0,0
0,0,0,0,1,0,0,0,0,0,0,1,0,0,0,1
0,0,0,0,1,0,0,0,0,0,0,0,0,0,0,0
0,0,0,0,1,0,0,0,0,0,0,0,0,0,0,0
0,1,0,0,0,0,0,0,0,0,0,0,1,0,0,0
0,0,0,0,0,1,0,0,0,0,0,0,0,1,0,0
0,1,0,0,0,0,0,0,0,0,1,0,0,0,0,0
1,0,0,0,0,0,0,0,0,0,0,1,0,0,0,1
1,0,0,0,0,0,0,1,0,0,0,0,0,0,0,0
0,0,0,0,1,0,0,0,0,0,0,0,0,0,0,0
0,0,0,0,0,1,0,1,0,0,0,1,0,0,0,0
0,0,0,1,0,0,0,0,1,1,0,0,1,0,0,0
1,0,0,0,0,0,0,0,0,1,0,0,1,0,0,0
0,0,0,0,1,0,0,0,0,0,1,0,1,0,0,0
0,0,0,1,0,0,0,1,1,0,0,0,1,0,0,0
0,1,0,0,0,0,0,0,0,1,1,0,0,1,1,0
0,0,0,0,1,0,1,0,0,0,1,0,0,1,0,0
0,0,0,0,0,1,1,0,0,1,0,0,0,1,0,0
0,0,0,0,0,1,0,0,0,0,0,1,0,0,0,0
1,0,0,0,0,0,0,0,0,0,0,0,0,0,0,0
0,0,0,0,1,0,0,0,0,0,0,0,0,0,0,0
0,0,1,0,0,0,0,1,0,0,0,0,0,0,0,0
1,0,0,0,0,0,1,0,0,1,0,1,0,0,0,0
0,0,0,0,1,0,0,0,0,0,0,1,0,0,0,0
0,0,0,0,1,0,1,0,0,0,0,0,0,1,0,0
1,0,0,0,0,0,0,0,0,0,1,0,0,0,0,1
0,0,0,0,1,0,0,0,0,0,0,0,1,0,0,0
0,0,0,0,1,0,0,0,0,0,0,0,0,0,0,1
0,1,0,0,0,0,1,0,0,0,0,0,0,0,0,0
0,0,0,0,0,1,0,1,0,0,0,0,0,0,0,0
0,0,0,0,1,0,0,1,0,0,1,0,0,0,0,0
0,0,0,0,0,1,0,0,0,1,0,0,0,0,0,0
0,0,0,0,1,0,0,0,0,0,0,0,0,0,1,0
0,0,0,0,0,1,1,0,0,0,0,0,0,0,0,0
0,0,0,1,0,0,0,0,1,0,0,0,0,1,0,0
0,0,0,0,1,0,0,0,0,0,0,0,0,0,0,0
1,0,0,0,0,0,0,0,0,0,0,0,0,0,1,0
1,0,0,0,0,0,0,1,0,0,0,1,0,0,0,0
0,0,0,0,1,0,0,0,0,0,1,0,0,1,0,0
0,1,0,0,0,0,0,0,1,0,0,0,0,0,0,0
0,0,0,0,1,0,0,1,0,0,0,1,1,0,1,1
0,0,0,1,0,0,1,1,0,0,0,0,0,1,0,0
1,0,0,0,0,0,0,0,0,0,0,0,0,0,0,1
0,0,0,1,0,0,0,1,0,0,0,0,0,0,0,0
1,0,0,0,0,0,0,0,0,0,0,0,0,0,0,0
0,0,0,1,0,0,0,0,1,0,0,0,0,0,0,0
0,0,0,0,0,1,0,0,0,0,0,0,0,0,0,0
0,0,0,0,0,1,0,0,0,0,0,0,1,0,0,0
0,0,0,0,0,1,0,0,0,0,0,0,1,0,0,0
0,0,0,0,0,1,0,0,0,0,0,0,0,1,0,0
0,0,0,0,1,0,0,0,0,0,0,0,0,1,0,0
1,0,0,0,0,0,1,0,0,0,0,1,0,0,0,0
0,0,0,0,0,1,0,0,0,0,0,0,0,0,1,0
1,0,0,0,0,0,0,1,0,0,1,0,0,0,0,0
0,0,0,1,0,0,1,0,0,1,0,1,0,0,0,0
1,0,0,0,0,0,0,0,0,0,0,0,0,0,0,1
0,0,0,0,1,0,0,0,0,0,0,1,0,0,0,0
1,0,0,0,0,0,0,0,0,0,0,0,1,0,0,0
0,0,0,1,0,0,0,0,0,0,0,1,0,0,0,0
0,0,0,0,1,0,1,0,0,0,1,1,0,0,0,0
0,1,0,0,0,0,0,1,0,0,1,0,1,0,0,0
1,0,0,0,0,0,0,0,0,0,0,0,0,0,0,0
0,0,0,0,1,0,0,0,0,1,1,0,0,0,1,0
0,0,0,0,1,0,0,0,0,0,0,1,0,0,1,0
0,0,0,0,0,1,0,0,0,0,0,0,0,0,0,0
0,0,0,0,1,0,0,0,0,0,0,0,1,0,1,1
0,0,0,0,1,0,0,0,0,0,0,1,1,0,0,0
0,0,0,0,0,1,0,0,0,0,0,0,0,0,1,0
1,0,0,0,0,0,0,0,1,0,0,1,0,1,0,0
1,0,0,0,0,0,0,0,0,1,0,0,0,1,0,0
1,0,0,0,0,0,0,0,0,0,0,0,0,0,1,0
0,0,0,0,0,1,0,0,0,0,0,0,0,0,0,1
0,0,0,0,1,0,0,0,0,0,0,1,0,0,0,0
0,0,0,0,0,1,0,0,0,0,0,0,0,0,0,0
1,0,0,0,0,0,0,0,0,0,0,0,0,0,0,1
0,0,0,1,0,0,0,0,0,0,1,1,0,0,1,0
0,0,0,0,1,0,0,0,1,0,0,0,0,1,0,0
0,1,0,0,0,0,0,0,1,0,0,0,0,0,0,0
0,0,0,0,1,0,0,0,0,0,0,0,1,0,0,0
1,0,0,0,0,0,0,1,0,0,0,0,1,0,0,0
0,0,0,1,0,0,0,0,0,0,0,0,0,0,0,0
0,0,1,0,0,0,0,0,0,0,0,0,1,0,0,0
1,0,0,0,0,0,0,0,0,0,0,0,1,0,0,0
0,0,0,0,0,1,0,0,0,0,0,0,1,0,0,0
0,0,0,0,1,0,0,0,0,0,0,0,0,0,0,0
0,1,0,0,0,0,0,0,0,0,0,0,0,0,0,0
1,0,0,0,0,0,0,0,0,0,0,1,0,0,0,0
0,0,0,0,0,1,0,1,0,0,0,0,1,0,0,0
0,1,0,0,0,0,0,0,0,0,0,1,0,0,0,0
0,1,0,0,0,0,0,0,0,1,0,0,0,0,1,0
1,0,0,0,0,0,0,0,1,1,0,0,0,0,0,1
0,0,0,1,0,0,0,0,0,1,0,0,0,0,0,0
1,0,0,0,0,0,0,1,0,0,0,0,0,0,0,0
0,0,0,0,1,0,0,0,0,0,0,0,0,0,0,0
0,0,0,0,1,0,0,0,0,0,0,0,1,0,0,0
1,0,0,0,0,0,0,0,0,0,0,0,0,0,0,0
0,0,0,0,0,1,0,0,0,0,0,0,1,0,0,0
1,0,0,0,0,0,1,0,0,0,0,0,0,1,0,0
1,0,0,0,0,0,0,0,0,0,0,1,0,0,0,0
0,0,0,0,1,0,0,0,0,0,0,1,1,0,0,1
1,0,0,0,0,0,0,0,0,0,1,0,0,0,0,1
0,0,0,1,0,0,0,0,0,0,1,0,0,1,0,0
0,0,0,1,0,0,0,0,0,0,0,0,0,0,0,1
0,0,0,0,1,0,0,0,0,0,0,0,0,0,0,0
1,0,0,0,0,0,0,0,0,0,0,1,0,0,0,0
0,0,0,0,0,1,0,0,0,0,0,0,0,1,0,0
0,0,0,0,1,0,0,0,0,0,1,0,1,0,0,0
0,1,0,0,0,0,0,0,0,0,0,0,0,0,0,0
0,0,0,0,1,0,1,0,0,0,0,1,0,0,0,0
1,0,0,0,0,0,0,1,0,0,0,1,1,0,0,1
0,0,0,0,1,0,0,0,1,0,0,0,0,1,0,0
1,0,0,0,0,0,0,1,0,0,0,0,1,0,0,0
0,1,0,0,0,0,1,0,0,1,0,0,0,1,0,0
0,1,0,0,0,0,1,0,0,0,0,0,0,0,0,0
1,0,0,0,0,0,1,0,0,0,0,0,0,0,0,0
0,0,0,1,0,0,1,0,0,1,1,0,0,1,0,0
0,0,0,0,0,1,0,0,0,0,0,0,1,0,0,0
0,0,0,0,1,0,0,0,0,0,0,0,0,0,0,0
1,0,0,0,0,0,0,0,0,0,0,0,1,0,0,1
0,0,0,1,0,0,0,0,0,0,0,1,0,0,0,0
0,1,0,0,0,0,0,0,1,1,0,0,0,1,0,0
1,0,0,0,0,0,0,1,0,0,0,0,0,0,0,0
1,0,0,0,0,0,0,0,0,0,0,0,0,0,0,0
0,0,0,0,0,1,0,0,0,0,0,1,0,0,0,0
0,0,0,0,1,0,0,0,0,0,0,0,0,1,0,0
0,0,0,0,1,0,0,1,0,0,0,0,1,0,0,0
0,1,0,0,0,0,0,0,1,1,0,0,0,0,0,1
0,0,0,0,0,1,0,0,0,0,0,0,1,0,0,0
0,0,0,0,1,0,0,0,0,0,0,1,0,0,0,0
0,0,0,1,0,0,1,0,0,0,0,0,0,1,0,0
0,0,0,0,0,1,0,0,0,0,0,0,0,0,0,0
1,0,0,0,0,0,0,1,0,0,0,0,0,0,0,1
0,0,0,0,0,1,0,0,0,0,0,1,0,0,0,0
0,0,1,0,0,0,0,0,0,0,0,0,1,0,0,1
0,0,1,0,0,0,0,0,0,0,0,0,0,0,0,0
0,0,0,0,1,0,0,1,1,0,0,0,0,1,0,0
0,0,0,0,0,1,1,0,0,0,0,0,1,0,0,0
0,0,0,0,1,0,0,0,0,0,0,1,0,0,0,0
0,0,0,0,1,0,0,0,0,0,1,0,0,0,0,0
0,0,0,0,0,1,0,0,0,0,0,0,0,0,1,0
0,1,0,0,0,0,1,0,0,1,0,0,0,0,0,1
1,0,0,0,0,0,0,0,0,0,0,0,0,0,0,0
0,0,0,1,0,0,0,0,0,1,0,1,0,0,0,0
1,0,0,0,0,0,0,0,0,0,0,0,1,0,0,0
0,0,0,1,0,0,0,0,0,0,0,0,1,0,0,0
1,0,0,0,0,0,0,0,0,0,0,0,0,1,0,0
0,0,0,0,1,0,0,0,0,0,0,1,0,1,0,0
0,1,0,0,0,0,1,0,0,0,0,0,0,1,0,0
0,0,0,0,1,0,0,0,0,0,0,0,0,0,0,1
0,0,0,0,0,1,0,0,0,0,0,0,0,0,1,0
0,0,0,1,0,0,0,0,0,0,0,0,0,0,0,0
0,0,0,0,0,1,0,0,0,0,0,0,0,1,0,0
1,0,0,0,0,0,0,0,0,0,0,0,0,0,0,1
0,0,0,0,0,1,1,0,0,0,0,1,0,0,0,0
0,1,0,0,0,0,0,1,1,1,0,1,0,0,0,0
0,0,0,1,0,0,1,0,0,0,0,1,0,0,0,0
0,0,0,0,0,1,0,0,1,0,0,0,0,1,0,0
0,1,0,0,0,0,0,0,0,0,0,0,0,0,0,1
0,0,0,0,0,1,0,1,1,0,0,0,1,0,0,0
0,1,0,0,0,0,1,0,0,0,0,0,0,1,0,0
0,0,0,0,1,0,0,0,0,0,0,1,0,0,0,0
1,0,0,0,0,0,0,0,0,1,1,0,0,1,1,0
1,0,0,0,0,0,0,0,0,0,1,0,0,0,0,0
0,0,0,1,0,0,0,1,0,0,0,0,0,0,0,0
1,0,0,0,0,0,0,0,0,0,0,0,0,0,0,0
1,0,0,0,0,0,0,0,0,0,0,0,0,0,1,0
0,0,1,0,0,0,0,0,0,0,0,1,0,0,0,1
0,0,0,1,0,0,0,0,0,0,0,0,0,0,0,0
1,0,0,0,0,0,0,0,0,1,0,0,0,0,0,0
0,0,0,0,0,1,0,0,0,0,0,1,0,0,0,0
0,1,0,0,0,0,0,0,1,0,0,1,0,0,0,0
0,0,1,0,0,0,0,1,0,0,0,1,0,0,0,0
0,0,0,0,0,1,0,0,0,0,0,0,1,0,0,0
0,0,0,1,0,0,0,0,0,0,0,0,0,0,0,0
0,0,0,0,0,1,0,0,0,1,0,0,0,0,1,0
1,0,0,0,0,0,0,1,0,0,0,0,0,0,0,0
0,0,0,0,1,0,0,0,1,0,0,0,0,1,0,0
0,0,1,0,0,0,0,0,0,0,0,0,0,0,0,0
0,0,0,0,1,0,1,0,0,0,0,0,0,1,0,0
0,0,0,0,1,0,0,0,0,0,0,0,1,0,0,0
0,0,0,0,1,0,0,0,1,0,0,0,0,0,0,1
0,0,0,0,1,0,0,0,0,0,0,0,0,0,1,0
0,0,0,0,0,1,1,1,0,0,0,0,1,0,0,0
1,0,0,0,0,0,0,0,0,0,0,0,0,0,0,0
0,0,0,0,0,1,0,0,0,0,0,0,1,0,0,0
1,0,0,0,0,0,0,0,0,1,0,1,0,0,0,0
0,0,0,0,0,1,1,0,0,0,0,0,0,0,1,0
0,0,0,0,1,0,0,0,0,0,0,0,0,0,0,0
1,0,0,0,0,0,0,0,0,0,0,1,0,0,0,0
0,0,0,0,1,0,0,0,1,0,0,0,0,0,0,0
0,1,0,0,0,0,1,0,0,1,1,0,0,1,0,0
0,0,0,0,0,1,0,0,0,0,0,1,0,0,0,0
0,0,0,0,1,0,0,0,1,0,0,0,0,0,0,1
0,0,0,0,0,1,0,0,0,0,0,0,0,0,0,0
0,0,0,0,0,1,0,0,0,0,0,0,0,1,0,0
0,0,0,0,0,1,0,0,0,0,0,1,0,0,0,0
1,0,0,0,0,0,0,0,0,0,0,1,0,0,0,0
0,0,0,0,0,1,0,0,0,0,0,1,0,0,0,0
0,0,0,0,1,0,0,0,0,0,0,0,0,1,0,0
0,0,0,1,0,0,0,0,0,0,1,0,0,0,0,0
0,0,0,0,1,0,0,1,0,0,1,0,1,0,0,0
0,0,0,0,1,0,0,0,0,0,0,0,1,0,0,0
0,0,0,0,1,0,0,0,1,0,0,0,1,0,0,0
0,1,0,0,0,0,0,0,1,0,0,0,0,0,0,1
0,0,1,0,0,0,0,0,0,0,0,1,0,0,0,0
0,1,0,0,0,0,0,0,0,1,0,0,1,0,0,0
0,0,0,0,0,1,0,0,0,0,0,0,0,0,0,0
0,0,0,0,1,0,0,1,1,0,0,0,0,0,0,0
1,0,0,0,0,0,0,0,0,0,0,0,1,0,0,0
0,0,0,0,0,1,0,0,1,0,0,0,0,0,0,1
0,0,0,0,0,1,0,0,1,0,0,0,0,0,0,0
0,0,0,0,0,1,0,1,0,0,0,1,1,0,0,0
0,0,1,0,0,0,0,1,0,0,0,1,0,0,0,0
1,0,0,0,0,0,0,0,0,0,0,0,0,0,0,0
0,0,0,0,0,1,1,0,0,0,1,1,0,1,1,0
0,0,0,0,1,0,1,0,0,1,0,0,0,0,0,0
0,1,0,0,0,0,0,0,0,0,0,0,0,0,0,0
1,0,0,0,0,0,0,0,0,0,0,0,1,0,0,0
0,0,0,0,0,1,0,0,0,0,0,0,0,0,1,0
0,0,1,0,0,0,0,0,0,1,0,1,0,0,0,0
0,0,0,0,0,1,0,0,1,0,0,0,1,1,0,0
0,1,0,0,0,0,1,0,0,0,0,0,0,0,0,0
1,0,0,0,0,0,0,0,1,0,0,0,0,0,0,1
0,1,0,0,0,0,1,0,0,1,0,0,0,0,0,0
0,1,0,0,0,0,0,0,0,0,0,0,0,0,0,1
0,1,0,0,0,0,1,0,0,0,0,0,0,0,0,0
0,0,0,0,1,0,0,0,0,0,0,0,0,0,1,0
1,0,0,0,0,0,0,0,0,0,1,0,0,1,0,0
0,0,0,0,1,0,0,0,0,0,0,0,1,0,0,0
1,0,0,0,0,0,0,0,0,0,0,0,0,0,0,1
0,0,0,1,0,0,0,0,0,0,1,0,1,0,0,0
0,1,0,0,0,0,1,0,0,0,1,0,0,0,1,0
0,0,0,0,1,0,1,0,0,1,0,0,0,1,0,0
1,0,0,0,0,0,0,0,0,0,0,0,0,0,1,0
0,1,0,0,0,0,0,0,0,0,0,0,0,0,0,1
1,0,0,0,0,0,0,0,0,0,0,0,0,1,0,0
0,0,0,0,1,0,0,0,0,0,0,1,0,0,0,0
0,1,0,0,0,0,0,0,1,0,0,0,0,1,0,0
0,0,0,0,0,1,0,0,0,0,1,0,0,0,0,0
0,0,1,0,0,0,0,0,0,0,0,0,0,0,0,1
0,0,0,0,0,1,0,0,0,0,0,0,0,0,0,1
0,1,0,0,0,0,0,1,0,1,0,0,0,0,0,0
1,0,0,0,0,0,0,1,0,0,1,1,0,0,1,0
0,1,0,0,0,0,1,0,1,1,0,0,0,0,0,0
0,0,0,0,0,1,0,0,1,0,0,0,0,0,1,0
0,0,0,0,1,0,0,0,0,0,0,0,0,0,0,0
1,0,0,0,0,0,0,0,0,1,0,0,0,0,0,0
0,0,0,0,1,0,1,0,0,0,0,0,0,0,0,0
1,0,0,0,0,0,0,0,0,0,0,0,0,0,0,0
0,0,1,0,0,0,0,1,1,0,0,0,0,0,0,0
0,0,0,0,1,0,0,1,0,0,0,1,0,0,0,0
0,0,0,0,1,0,0,0,0,0,0,0,0,1,0,0
0,0,0,0,0,1,0,0,0,0,0,0,0,1,0,0
0,0,0,0,0,1,1,0,0,0,1,0,0,0,0,1
0,1,0,0,0,0,0,0,0,0,0,0,0,0,0,0
0,0,0,1,0,0,0,0,0,0,0,0,0,0,1,0
0,0,0,0,0,1,0,0,0,0,0,0,0,0,0,0
0,0,0,0,1,0,0,1,0,0,0,1,1,0,0,0
0,0,0,1,0,0,1,0,0,1,0,0,0,1,0,0
0,1,0,0,0,0,0,0,0,0,0,0,0,0,0,1
0,0,0,0,0,1,0,0,0,0,0,0,0,0,0,0
1,0,0,0,0,0,1,1,0,0,0,0,1,0,0,0
0,0,0,1,0,0,0,0,1,0,0,0,0,0,0,0
1,0,0,0,0,0,0,0,0,0,0,0,0,0,0,0
0,0,0,0,0,1,1,0,0,0,0,0,0,0,0,0
0,0,0,0,0,1,0,0,0,0,0,0,0,1,0,0
0,1,0,0,0,0,0,0,0,0,0,0,0,0,0,1
0,1,0,0,0,0,0,0,0,0,0,1,0,0,0,0
0,1,0,0,0,0,1,0,0,0,0,1,0,0,1,0
1,0,0,0,0,0,0,1,0,0,0,0,0,0,0,0
0,1,0,0,0,0,1,0,0,1,0,0,0,0,1,1
0,0,0,1,0,0,0,0,0,0,0,0,1,0,0,0
0,0,0,0,1,0,0,0,0,0,0,0,0,0,0,0
0,0,0,0,0,1,0,1,1,0,0,0,0,1,0,0
0,1,0,0,0,0,1,0,1,0,0,0,0,0,0,0
0,1,0,0,0,0,0,0,0,0,0,0,0,1,0,0
0,0,0,0,1,0,0,0,0,0,0,0,0,0,0,0
0,1,0,0,0,0,0,0,0,0,0,0,0,0,0,0
0,1,0,0,0,0,1,0,0,1,0,0,0,1,0,0
0,0,0,1,0,0,0,1,0,1,0,0,0,0,1,0
1,0,0,0,0,0,0,0,0,0,0,1,0,0,0,0
0,1,0,0,0,0,0,0,0,0,0,0,0,0,0,0
0,0,0,1,0,0,0,0,0,0,1,0,0,0,1,0
0,1,0,0,0,0,0,0,1,1,0,0,0,0,0,0
0,0,0,0,0,1,0,0,0,0,0,0,0,0,0,0
1,0,0,0,0,0,0,0,1,0,0,0,0,0,0,1
0,1,0,0,0,0,1,0,0,1,0,0,0,0,0,0
0,0,0,0,0,1,0,0,0,0,0,0,0,0,0,0
0,1,0,0,0,0,0,0,1,1,0,0,1,0,0,0
0,0,0,0,1,0,1,0,1,1,0,1,0,0,0,0
0,0,1,0,0,0,0,0,0,0,1,0,0,1,0,0
0,0,0,0,1,0,0,1,0,0,1,0,0,0,0,0
1,0,0,0,0,0,0,1,0,0,0,0,0,1,0,0
0,0,0,1,0,0,0,0,0,1,0,1,0,0,0,0
1,0,0,0,0,0,0,0,0,0,0,1,0,0,0,0
1,0,0,0,0,0,0,0,0,0,0,0,1,0,0,0
0,1,0,0,0,0,0,0,0,0,0,1,0,0,0,0
1,0,0,0,0,0,0,0,0,0,1,0,0,0,1,0
0,0,0,1,0,0,0,1,0,0,0,1,0,0,0,0
0,1,0,0,0,0,0,0,1,0,0,0,1,0,0,1
1,0,0,0,0,0,0,0,1,0,0,0,1,1,1,0
1,0,0,0,0,0,0,1,0,0,1,0,0,0,1,0
0,0,1,0,0,0,0,0,0,0,0,0,0,1,0,0
0,0,0,0,1,0,0,0,0,0,0,0,0,0,0,0
0,0,0,0,1,0,0,1,1,0,0,0,0,0,0,0
0,0,0,0,0,1,0,0,0,0,0,0,0,1,0,0
0,0,0,0,0,1,1,0,0,1,0,1,0,0,0,0
1,0,0,0,0,0,0,0,0,0,1,0,0,0,1,0
1,0,0,0,0,0,0,0,0,0,0,1,0,0,0,0
0,0,0,0,1,0,0,0,0,0,0,0,0,0,1,0
0,1,0,0,0,0,0,0,0,0,0,0,0,0,0,0
0,0,0,0,0,1,0,0,0,0,0,0,0,0,0,0
0,0,0,1,0,0,0,0,0,0,0,1,0,0,0,0
0,0,0,0,1,0,0,0,0,0,0,0,0,0,1,0
0,1,0,0,0,0,0,0,0,0,0,0,0,0,0,0
0,0,0,0,0,1,0,1,0,0,1,0,0,0,1,0
0,1,0,0,0,0,0,0,0,0,0,1,0,0,0,0
0,0,0,0,1,0,0,0,0,0,0,0,0,0,0,0
0,0,0,0,1,0,0,0,0,0,1,0,1,0,0,0
1,0,0,0,0,0,0,0,0,0,1,0,0,0,0,0
0,0,0,0,0,1,0,0,0,0,0,0,0,0,1,0
0,0,0,0,0,1,0,0,0,0,0,0,1,0,0,0
1,0,0,0,0,0,0,1,0,0,0,0,1,0,0,0
0,0,0,1,0,0,0,0,0,0,0,1,1,0,0,0
0,0,0,1,0,0,0,0,0,0,0,0,0,0,0,0
0,0,1,0,0,0,1,1,0,0,0,0,0,0,0,0
0,1,0,0,0,0,1,0,0,0,0,0,1,0,0,0
0,1,0,0,0,0,0,0,0,1,1,0,0,1,0,0
0,0,0,1,0,0,0,0,0,0,0,0,1,0,0,0
0,1,0,0,0,0,1,0,1,0,0,0,0,1,0,0
0,0,0,0,0,1,0,0,0,0,0,1,0,0,0,0
0,0,0,0,0,1,0,0,0,0,0,1,0,1,0,0
0,1,0,0,0,0,0,0,0,0,0,0,1,0,0,0
0,0,0,0,0,1,0,1,0,1,0,1,0,0,0,0
0,0,1,0,0,0,0,0,1,0,0,0,0,0,0,0
0,1,0,0,0,0,1,0,0,0,0,0,0,1,0,0
1,0,0,0,0,0,1,1,0,0,0,0,0,0,1,0
1,0,0,0,0,0,0,0,0,0,0,0,1,0,0,0
0,0,0,0,1,0,0,0,0,0,0,0,0,0,0,0
0,1,0,0,0,0,0,0,0,0,0,0,0,0,0,0
0,0,0,0,1,0,1,0,0,0,0,0,0,1,0,0
0,0,1,0,0,0,1,0,0,0,1,0,0,0,1,0
1,0,0,0,0,0,0,0,0,0,0,0,1,0,0,0
0,1,0,0,0,0,1,0,0,0,0,0,0,1,0,0
0,0,0,1,0,0,1,0,0,0,0,1,0,0,0,0
1,0,0,0,0,0,1,0,1,0,1,0,0,0,1,1
1,0,0,0,0,0,0,0,0,0,0,0,0,1,0,0
0,0,0,0,1,0,0,0,0,0,0,0,0,0,1,0
0,0,1,0,0,0,0,1,0,1,0,1,0,0,0,0
1,0,0,0,0,0,0,0,0,0,1,0,0,0,0,0
1,0,0,0,0,0,0,0,0,0,1,0,0,0,0,0
0,0,0,0,1,0,0,1,0,0,0,0,0,0,1,0
0,0,0,0,0,1,0,0,0,0,0,1,0,0,0,0
1,0,0,0,0,0,0,0,0,0,0,0,0,0,0,0
0,1,0,0,0,0,1,0,1,0,0,0,0,0,0,0
1,0,0,0,0,0,0,1,0,0,1,0,0,0,0,0
0,0,0,0,0,1,1,0,0,0,0,0,0,0,0,0
0,0,0,1,0,0,1,0,0,0,0,0,0,0,1,0
0,0,0,0,0,1,0,0,0,0,0,0,0,0,0,0
0,0,0,0,1,0,0,0,0,0,0,0,0,0,0,0
0,0,0,0,1,0,0,0,0,0,0,0,1,0,0,0
0,0,0,0,1,0,0,0,0,0,0,0,0,0,0,0
0,0,0,0,0,1,1,1,0,0,0,0,0,1,0,0
1,0,0,0,0,0,0,0,0,0,0,0,1,0,0,0
1,0,0,0,0,0,0,0,0,0,0,0,0,0,1,0
0,0,1,0,0,0,0,0,0,0,0,0,0,0,0,0
0,1,0,0,0,0,0,0,0,0,1,0,0,1,0,0
0,0,0,0,1,0,0,0,0,0,0,0,0,0,0,0
0,1,0,0,0,0,1,1,0,0,0,1,0,0,0,0
0,0,0,1,0,0,0,0,0,0,1,0,1,0,0,0
0,0,0,0,0,1,0,0,0,0,0,0,1,0,0,0
0,0,0,0,0,1,0,0,0,0,1,0,1,0,0,0
0,0,0,0,1,0,1,0,0,0,1,0,0,1,0,0
0,1,0,0,0,0,0,0,0,0,0,1,0,0,0,0
0,0,0,0,0,1,0,0,0,0,0,0,0,0,0,0
0,1,0,0,0,0,0,0,0,1,0,0,1,0,1,0
1,0,0,0,0,0,0,0,0,0,0,0,0,0,0,1
0,1,0,0,0,0,1,0,0,1,0,0,0,0,0,0
0,0,0,0,0,1,0,0,0,0,0,0,0,0,0,0
0,0,0,1,0,0,0,1,1,0,0,0,1,0,0,0
0,0,0,0,1,0,0,0,0,0,0,0,1,0,0,0
0,0,0,0,1,0,0,0,0,0,0,0,0,0,0,1
1,0,0,0,0,0,1,0,0,1,1,0,0,1,0,0
0,0,0,0,0,1,0,0,0,1,1,0,1,0,0,0
0,0,0,0,1,0,0,0,0,0,0,0,0,0,0,1
1,0,0,0,0,0,0,0,0,0,0,1,0,0,0,0
0,0,0,1,0,0,0,0,0,0,0,0,0,0,1,0
0,0,0,0,0,1,0,0,0,0,1,0,0,1,0,0
0,0,0,0,1,0,0,0,0,0,0,0,0,0,0,0
0,0,0,0,0,1,0,0,0,0,0,1,0,0,0,0
0,0,0,0,0,1,0,0,0,0,1,0,1,0,0,0
0,0,0,1,0,0,0,0,0,0,0,0,0,0,0,0
0,1,0,0,0,0,1,0,0,0,0,1,0,1,0,0
1,0,0,0,0,0,0,0,0,0,0,0,0,0,0,1
0,0,0,1,0,0,0,0,0,0,0,0,0,0,1,0
1,0,0,0,0,0,0,0,0,0,0,0,0,0,0,1
0,1,0,0,0,0,1,0,0,1,0,0,0,0,0,0
0,0,0,0,0,1,0,0,0,0,0,0,0,0,0,0
1,0,0,0,0,0,0,0,0,0,0,0,0,0,0,0
1,0,0,0,0,0,0,1,0,0,0,0,0,0,1,0
0,0,0,0,1,0,1,0,1,1,0,0,0,0,0,0
1,0,0,0,0,0,0,0,0,0,1,0,0,0,0,0
0,0,0,0,1,0,0,0,1,0,0,0,0,0,0,1
0,0,0,1,0,0,0,0,0,1,0,0,0,0,0,0
0,0,0,0,0,1,0,0,0,0,0,0,0,0,0,0
0,0,0,0,0,1,0,0,0,0,0,0,0,1,0,0
0,0,0,1,0,0,0,0,1,0,0,0,0,0,1,0
0,1,0,0,0,0,0,0,1,0,0,0,1,0,0,0
0,0,0,0,0,1,0,0,0,0,0,0,0,0,0,1
0,1,0,0,0,0,1,0,0,0,0,0,1,0,0,0
1,0,0,0,0,0,0,0,0,0,0,0,0,0,0,0
0,0,0,0,0,1,0,0,0,0,0,0,0,0,0,1
0,0,0,1,0,0,0,1,0,0,0,0,0,0,0,1
0,0,0,1,0,0,0,0,0,0,0,0,0,0,0,1
0,0,0,0,1,0,0,0,0,0,0,0,0,0,0,0
0,0,0,1,0,0,1,0,0,0,1,0,0,0,0,1
0,1,0,0,0,0,0,0,0,1,0,0,0,0,1,0
0,0,0,0,1,0,0,0,0,0,0,0,0,0,0,0
0,0,1,0,0,0,1,0,0,0,1,0,0,0,0,0
0,0,0,0,1,0,0,1,0,1,0,0,0,0,1,0
0,0,0,0,0,1,0,0,0,0,0,0,1,0,0,0
0,0,0,0,1,0,1,0,0,1,0,0,0,1,0,0
0,1,0,0,0,0,0,0,0,0,0,1,0,0,0,0
0,0,0,0,0,1,0,0,0,1,0,0,0,0,1,0
0,0,0,0,1,0,0,0,0,0,0,0,1,0,0,0
0,1,0,0,0,0,0,0,0,1,0,0,0,0,0,0
0,1,0,0,0,0,1,0,0,1,0,0,0,0,0,0
1,0,0,0,0,0,0,0,0,0,0,0,0,0,1,0
1,0,0,0,0,0,0,1,0,0,0,1,0,0,0,0
0,0,0,0,1,0,0,0,0,0,0,0,0,0,0,0
1,0,0,0,0,0,0,0,1,0,0,0,0,0,0,1
1,0,0,0,0,0,1,1,0,0,0,1,0,0,0,0
0,0,0,0,1,0,0,0,0,0,0,0,0,0,0,0
0,0,0,1,0,0,0,0,1,0,0,0,1,0,0,0
0,0,0,0,0,1,1,0,0,0,0,0,0,0,0,0
0,0,0,0,0,1,0,1,1,0,0,0,0,0,0,1
1,0,0,0,0,0,1,0,0,0,0,0,0,1,0,0
0,0,0,0,1,0,0,1,0,0,1,1,0,0,0,0
0,1,0,0,0,0,0,0,1,0,0,0,1,0,0,0
0,0,0,0,0,1,0,0,0,0,0,0,1,0,0,1
0,0,0,1,0,0,0,0,0,0,0,0,0,0,1,0
0,1,0,0,0,0,0,0,0,0,0,1,0,0,0,0
0,0,0,0,0,1,0,0,0,0,0,0,0,0,1,0
1,0,0,0,0,0,0,0,0,0,0,0,1,0,0,0
0,0,0,0,1,0,0,0,0,0,0,0,0,0,0,0
0,0,0,0,1,0,0,0,1,0,0,0,0,0,1,0
0,0,0,1,0,0,1,0,0,0,0,1,1,0,1,0
1,0,0,0,0,0,0,0,0,0,0,0,0,0,0,0
0,0,0,1,0,0,0,0,0,1,0,1,0,0,1,0
0,1,0,0,0,0,0,0,1,0,0,0,0,1,0,0
0,0,0,0,0,1,1,0,0,0,0,0,0,1,0,0
0,0,0,0,0,1,1,1,0,0,0,0,0,0,1,0
0,0,0,0,1,0,0,1,1,0,0,1,0,1,0,0
0,0,0,0,1,0,1,0,0,1,0,0,0,0,0,0
0,0,0,0,1,0,0,0,1,0,0,0,0,0,0,0
0,1,0,0,0,0,0,0,0,0,0,0,0,0,1,0
1,0,0,0,0,0,0,0,0,0,0,0,0,1,0,0
0,1,0,0,0,0,0,0,0,0,0,0,0,0,0,0
0,0,0,1,0,0,0,0,0,0,0,0,1,0,0,0
0,0,0,1,0,0,1,0,1,0,1,0,0,0,0,0
0,1,0,0,0,0,0,0,0,0,0,0,0,0,0,0
0,1,0,0,0,0,0,0,0,0,1,0,1,0,0,0
0,0,0,0,1,0,0,0,0,0,0,1,0,0,0,0
0,1,0,0,0,0,0,0,0,0,0,0,0,0,1,0
0,0,0,0,0,1,0,0,0,0,0,0,0,0,1,0
1,0,0,0,0,0,0,0,0,0,0,0,1,0,0,1
1,0,0,0,0,0,0,0,0,0,1,0,0,0,0,0
0,0,0,0,0,1,0,0,0,0,0,0,0,1,0,0
0,0,0,0,1,0,1,0,0,0,0,0,1,0,0,0
0,1,0,0,0,0,0,0,0,0,0,0,0,1,1,0
0,0,0,0,0,1,0,0,0,0,0,0,1,0,0,0
0,0,0,0,0,1,0,0,0,0,0,0,1,0,0,0
0,0,0,0,1,0,1,0,0,0,0,0,1,0,0,0
0,0,0,0,1,0,0,0,0,0,0,1,1,0,0,0
0,1,0,0,0,0,0,0,1,0,0,0,0,0,0,0
0,0,0,0,0,1,0,0,1,0,0,0,0,0,0,1
0,0,0,0,0,1,0,0,0,0,0,1,0,0,0,0
0,1,0,0,0,0,1,1,1,0,0,0,0,0,0,0
0,0,0,1,0,0,1,0,0,1,0,0,0,0,0,0
1,0,0,0,0,0,1,1,0,0,0,0,0,0,0,0
0,0,0,0,1,0,1,0,0,0,0,1,0,0,0,0
1,0,0,0,0,0,0,0,0,0,1,0,0,0,1,0
1,0,0,0,0,0,0,0,0,0,1,0,0,0,0,1
1,0,0,0,0,0,0,1,0,0,0,0,1,0,0,0
0,0,0,1,0,0,0,0,0,0,0,0,0,0,0,0
0,1,0,0,0,0,0,0,1,0,0,0,0,1,0,0
0,0,0,1,0,0,0,0,0,0,0,0,0,0,0,1
0,0,0,0,0,1,0,0,0,0,0,0,0,0,1,0
0,0,0,1,0,0,0,1,0,0,0,0,0,0,0,0
0,0,0,1,0,0,0,0,0,0,0,0,0,0,0,0
0,0,0,0,1,0,0,1,0,0,0,1,0,0,1,0
0,0,0,0,1,0,0,0,0,0,0,0,1,0,0,0
0,0,0,0,0,1,0,0,0,0,1,0,0,0,1,1
0,0,0,0,1,0,0,1,0,1,0,1,1,0,0,0
0,0,0,1,0,0,1,0,0,1,0,1,0,0,0,1
0,0,1,0,0,0,0,1,0,0,0,1,0,0,0,0
0,0,0,0,1,0,0,0,0,0,0,0,1,0,0,0
0,0,0,0,0,1,0,0,0,0,0,0,0,1,0,0
0,1,0,0,0,0,0,0,0,0,1,0,0,1,1,0
1,0,0,0,0,0,0,0,1,0,0,0,0,0,0,1
1,0,0,0,0,0,0,0,0,0,0,0,0,0,0,1
0,0,0,0,0,1,0,0,0,0,0,0,1,0,0,0
0,1,0,0,0,0,1,0,0,0,0,0,0,0,0,0
0,0,0,0,1,0,0,0,0,0,0,1,0,0,1,0
0,1,0,0,0,0,1,0,0,0,0,1,0,0,0,0
1,0,0,0,0,0,0,0,0,0,0,1,1,0,0,0
0,1,0,0,0,0,0,0,0,0,0,0,0,0,0,0
0,0,0,0,0,1,1,0,0,0,1,0,0,1,0,0
1,0,0,0,0,0,0,1,0,0,0,1,0,0,0,0
0,0,0,0,0,1,0,0,0,0,0,0,0,0,1,0
0,0,0,1,0,0,0,0,1,1,0,0,1,0,0,0
0,0,0,0,0,1,0,0,0,0,0,1,0,0,0,0
0,0,0,0,1,0,0,0,0,0,0,1,0,0,0,0
0,0,0,1,0,0,0,0,1,0,0,0,1,1,0,0
0,0,0,0,0,1,0,0,1,0,0,0,0,0,0,1
0,0,0,0,0,1,1,0,0,1,0,1,0,0,0,0
1,0,0,0,0,0,0,1,1,0,0,0,0,1,0,0
0,1,0,0,0,0,0,0,0,0,0,0,0,0,1,0
0,0,0,0,1,0,0,1,0,0,0,1,1,0,0,0
0,1,0,0,0,0,1,0,0,0,0,0,1,0,0,0
0,0,0,0,0,1,1,0,0,0,1,0,0,1,0,0
0,0,0,0,1,0,1,0,0,1,0,1,0,0,0,0
0,0,0,0,0,1,0,0,0,0,0,0,0,0,0,0
1,0,0,0,0,0,0,0,0,0,0,0,0,0,1,0
0,0,0,0,1,0,0,0,0,0,0,0,1,0,0,0
0,0,0,0,0,1,0,0,0,0,1,0,0,0,0,0
1,0,0,0,0,0,0,0,0,0,1,0,0,1,1,0
0,1,0,0,0,0,0,0,0,0,0,0,0,0,1,1
0,0,0,0,1,0,0,1,0,1,0,1,0,1,0,0
1,0,0,0,0,0,0,0,0,0,1,0,1,0,0,0
0,0,0,0,0,1,0,0,0,0,0,0,0,1,0,0
0,0,0,1,0,0,0,0,0,0,0,1,0,0,0,0
0,1,0,0,0,0,0,0,0,0,0,0,0,0,0,1
1,0,0,0,0,0,0,0,0,0,0,0,0,0,0,0
0,1,0,0,0,0,0,1,1,0,0,0,0,1,0,0
0,1,0,0,0,0,1,0,0,0,0,0,0,1,0,0
0,0,0,0,0,1,0,0,0,0,0,0,1,0,0,0
0,0,0,0,0,1,0,0,0,0,0,0,0,1,0,0
1,0,0,0,0,0,0,0,0,0,1,0,0,0,0,0
1,0,0,0,0,0,0,0,0,0,0,0,0,0,0,1
0,0,0,0,0,1,0,0,1,1,0,0,1,0,0,0
0,0,0,0,1,0,0,0,1,0,0,0,0,0,0,1
0,0,0,0,1,0,0,0,1,0,0,0,0,1,0,0
0,0,0,1,0,0,0,1,0,0,0,0,0,0,0,1
0,0,0,0,0,1,0,0,0,0,0,1,1,0,0,0
0,0,0,0,0,1,0,0,0,0,0,0,0,0,0,0
0,0,0,0,1,0,0,1,1,0,0,0,0,0,1,0
0,0,0,0,1,0,0,0,0,0,1,0,0,0,0,0
0,0,0,0,1,0,0,0,1,0,0,0,0,1,0,1
1,0,0,0,0,0,0,1,0,0,0,0,0,0,0,1
1,0,0,0,0,0,0,1,0,0,0,1,0,0,0,0
0,0,0,0,0,1,0,0,0,0,0,0,0,0,0,0
0,1,0,0,0,0,0,0,0,0,0,0,0,0,1,0
0,1,0,0,0,0,0,0,0,0,0,0,0,0,0,0
1,0,0,0,0,0,1,0,0,0,1,0,0,0,1,0
0,0,0,0,0,1,0,0,0,0,0,0,0,1,0,0
0,0,0,1,0,0,0,0,1,0,0,0,0,1,0,0
0,1,0,0,0,0,0,0,0,0,0,0,0,0,0,0
0,0,0,1,0,0,0,0,0,0,1,0,1,0,0,1
0,0,1,0,0,0,0,0,0,0,0,0,1,0,0,0
0,1,0,0,0,0,1,0,0,1,0,0,0,1,0,0
0,0,0,0,0,1,0,0,0,0,0,0,0,0,0,0
0,0,0,0,1,0,1,0,0,1,0,0,0,0,0,0
0,1,0,0,0,0,0,0,1,0,0,0,0,0,0,0
0,0,0,1,0,0,0,0,1,0,0,0,1,1,0,0
1,0,0,0,0,0,0,0,0,0,1,0,0,0,0,1
0,0,0,0,1,0,0,0,1,0,0,0,1,0,0,1
1,0,0,0,0,0,0,0,0,0,0,1,0,0,0,0
0,0,0,0,0,1,0,0,0,0,0,0,0,1,0,0
1,0,0,0,0,0,0,0,0,0,0,0,0,0,0,0
1,0,0,0,0,0,0,0,0,0,1,0,1,0,0,0
1,0,0,0,0,0,0,0,0,0,0,0,0,0,0,0
1,0,0,0,0,0,0,0,0,0,0,0,0,0,1,0
1,0,0,0,0,0,0,0,0,0,0,0,0,0,0,0
0,0,0,0,0,1,0,0,0,0,0,0,0,0,0,0
0,1,0,0,0,0,1,0,0,1,0,1,0,0,0,0
0,1,0,0,0,0,0,0,1,0,0,1,0,0,0,0
1,0,0,0,0,0,0,1,1,0,0,0,1,0,0,0
1,0,0,0,0,0,0,0,1,0,0,0,0,0,0,1
1,0,0,0,0,0,0,0,0,0,1,0,0,0,1,0
1,0,0,0,0,0,0,0,0,0,1,0,0,0,0,0
0,1,0,0,0,0,0,0,0,0,0,0,0,0,0,0
1,0,0,0,0,0,1,0,0,1,0,0,0,0,0,0
0,1,0,0,0,0,1,0,1,0,0,0,0,0,0,1
0,1,0,0,0,0,0,0,0,0,0,0,0,0,0,1
1,0,0,0,0,0,1,0,0,1,0,1,0,0,0,0
0,0,0,0,0,1,0,0,0,0,0,0,0,1,0,0
0,1,0,0,0,0,0,0,1,0,0,0,0,0,1,0
0,1,0,0,0,0,0,0,1,0,0,0,0,0,0,0
0,0,0,1,0,0,0,0,0,0,0,0,0,0,0,0
0,1,0,0,0,0,1,0,1,0,0,0,0,0,0,1
1,0,0,0,0,0,0,0,0,0,0,1,0,0,0,0
0,0,0,0,1,0,1,0,0,0,1,0,0,1,0,0
0,0,0,0,0,1,0,0,0,0,0,0,0,0,0,0
0,0,0,0,0,1,0,0,1,0,0,0,0,0,1,0
1,0,0,0,0,0,0,1,1,0,0,1,0,1,0,0
1,0,0,0,0,0,0,0,0,0,0,0,1,0,0,1
1,0,0,0,0,0,0,0,0,1,0,0,0,1,0,0
0,0,0,1,0,0,0,0,0,1,0,0,0,1,0,0
0,1,0,0,0,0,0,0,0,0,0,0,1,0,0,0
1,0,0,0,0,0,0,0,0,0,0,0,0,0,1,0
0,1,0,0,0,0,0,0,0,0,0,0,0,0,0,0
1,0,0,0,0,0,0,0,0,0,0,1,0,0,0,0
0,0,0,0,1,0,1,0,0,0,0,0,0,1,0,0
0,0,0,0,1,0,0,0,0,0,0,0,0,0,0,0
0,1,0,0,0,0,0,0,0,0,0,0,0,0,0,1
0,1,0,0,0,0,0,0,0,1,0,0,0,1,0,0
0,0,0,0,1,0,0,0,1,0,0,0,0,0,0,1
0,1,0,0,0,0,0,0,0,0,0,0,0,0,1,0
0,0,1,0,0,0,0,1,0,1,0,1,1,0,0,0
0,1,0,0,0,0,0,0,0,0,0,0,0,0,0,0
1,0,0,0,0,0,0,1,0,0,0,0,0,0,0,0
1,0,0,0,0,0,0,1,0,0,0,0,1,0,0,0
0,1,0,0,0,0,0,0,0,0,0,1,0,0,0,0
0,1,0,0,0,0,0,0,1,0,0,0,1,0,0,1
1,0,0,0,0,0,0,1,0,0,0,0,0,1,0,0
0,0,0,1,0,0,0,1,0,0,0,0,0,0,0,0
0,0,0,0,0,1,1,0,0,0,0,0,0,0,0,0
0,0,0,0,0,1,0,0,0,0,0,0,0,0,0,0
1,0,0,0,0,0,0,0,0,0,0,0,0,1,0,0
0,0,0,1,0,0,0,1,1,1,0,1,0,1,0,0
1,0,0,0,0,0,0,0,0,0,0,0,0,0,1,0
0,0,0,0,1,0,0,0,0,0,0,0,0,1,0,0
0,1,0,0,0,0,0,1,1,0,0,0,0,0,0,0
1,0,0,0,0,0,0,0,0,0,1,0,0,0,0,0
1,0,0,0,0,0,0,0,0,0,0,0,0,0,0,0
1,0,0,0,0,0,0,0,1,0,0,0,0,1,0,0
1,0,0,0,0,0,0,0,0,0,0,0,0,0,0,0
0,1,0,0,0,0,0,0,1,1,0,1,0,0,0,0
0,0,0,0,0,1,0,0,0,0,0,0,0,0,0,0
0,0,0,0,0,1,0,0,0,1,1,0,0,1,0,0
0,0,0,0,0,1,0,0,0,0,0,0,0,0,0,0
1,0,0,0,0,0,0,1,1,0,0,0,0,0,0,0
1,0,0,0,0,0,0,1,0,0,0,0,0,0,0,0
0,0,0,0,0,1,0,0,0,1,0,0,0,1,0,0
0,1,0,0,0,0,1,0,0,1,0,0,0,1,0,0
1,0,0,0,0,0,0,1,0,0,0,0,0,0,1,0
0,1,0,0,0,0,0,0,0,0,1,0,0,1,0,0
0,0,0,0,1,0,0,0,0,0,0,0,1,0,0,0
0,0,0,0,1,0,0,0,0,0,0,1,0,0,0,0
0,0,1,0,0,0,0,0,0,0,0,0,0,0,0,0
1,0,0,0,0,0,0,0,0,0,0,1,0,0,0,1
0,0,0,0,0,1,0,1,0,1,0,1,0,0,0,0
0,1,0,0,0,0,0,0,0,0,0,0,0,0,1,0
0,0,0,0,0,1,0,0,0,0,1,0,0,0,0,0
0,0,0,0,1,0,1,1,0,0,0,1,0,0,0,0
0,0,0,0,1,0,1,0,0,0,1,0,0,1,0,0
0,0,1,0,0,0,0,0,0,0,0,0,1,0,0,0
0,0,0,0,0,1,1,0,0,0,0,0,0,0,0,0
0,0,0,0,0,1,1,0,1,1,0,1,0,0,0,0
1,0,0,0,0,0,0,0,0,0,0,0,0,0,0,1
0,0,0,0,1,0,1,0,0,0,0,0,0,0,0,0
0,0,0,0,0,1,0,0,0,0,0,1,0,0,1,0
0,0,0,0,1,0,0,0,0,1,0,0,0,1,0,0
0,0,0,0,1,0,1,0,0,1,0,1,0,0,0,0
0,0,0,0,0,1,0,0,1,0,0,0,0,1,0,0
0,0,0,0,1,0,0,0,0,0,0,0,1,0,0,0
0,0,0,0,1,0,0,0,0,0,0,0,1,0,0,0
1,0,0,0,0,0,1,0,0,0,0,0,1,0,0,0
1,0,0,0,0,0,0,0,0,0,1,0,0,1,0,0
0,0,0,1,0,0,0,0,0,0,1,0,0,1,0,0
1,0,0,0,0,0,0,0,0,0,0,0,0,0,0,0
0,1,0,0,0,0,0,0,1,0,0,0,0,0,0,0
0,0,0,1,0,0,1,0,1,0,0,0,0,0,0,1
0,1,0,0,0,0,0,0,1,0,0,0,0,0,0,0
1,0,0,0,0,0,0,0,0,0,1,0,0,0,1,0
0,0,0,0,1,0,0,0,0,0,0,0,0,1,0,0
0,1,0,0,0,0,1,0,0,0,0,1,0,0,0,0
0,0,0,0,0,1,0,1,0,0,0,0,1,0,0,0
0,0,0,0,1,0,0,0,0,0,0,0,1,1,0,0
0,1,0,0,0,0,0,0,0,0,0,0,0,0,0,0
0,1,0,0,0,0,1,0,1,1,0,1,0,0,0,0
0,0,0,0,1,0,0,0,0,0,0,0,1,0,0,0
0,1,0,0,0,0,0,0,0,0,1,0,0,1,1,0
1,0,0,0,0,0,1,0,0,0,0,1,0,0,0,0
0,0,0,0,0,1,0,0,0,0,0,1,0,0,0,0
0,0,0,1,0,0,0,0,1,0,0,0,1,1,1,0
0,1,0,0,0,0,0,0,0,0,0,0,1,0,0,0
0,1,0,0,0,0,0,0,0,0,0,0,0,0,0,0
0,0,0,0,0,1,1,0,0,0,0,1,0,0,0,0
1,0,0,0,0,0,0,0,0,0,0,0,1,0,0,0
0,0,0,0,0,1,1,0,0,0,0,1,0,0,0,0
0,0,0,0,0,1,1,1,0,0,0,0,0,0,1,0
0,0,0,1,0,0,1,0,0,0,0,1,0,0,0,0
0,0,0,1,0,0,0,0,0,1,0,0,1,0,0,0
0,0,0,0,1,0,1,0,0,0,0,1,1,0,0,0
0,0,0,0,1,0,0,1,0,0,0,0,0,0,0,0
0,0,0,0,1,0,1,0,0,0,0,0,0,1,0,0
1,0,0,0,0,0,0,0,0,0,0,0,1,0,0,0
0,1,0,0,0,0,1,0,0,1,0,0,0,0,0,1
1,0,0,0,0,0,0,0,0,1,0,0,0,0,0,1
0,0,0,1,0,0,1,0,0,0,0,1,0,0,0,0
1,0,0,0,0,0,1,1,0,0,0,0,0,0,1,0
0,0,0,0,1,0,0,0,0,0,0,1,0,0,0,0
1,0,0,0,0,0,0,0,0,0,0,0,0,0,0,0
0,0,0,1,0,0,0,0,0,0,1,0,0,0,0,0
0,1,0,0,0,0,0,0,1,0,0,0,0,0,0,0
1,0,0,0,0,0,0,0,0,0,0,0,1,0,0,0
0,0,1,0,0,0,0,1,0,0,0,0,0,0,0,0
0,1,0,0,0,0,1,0,1,0,1,0,0,0,0,0
0,0,0,0,0,1,0,0,0,1,0,0,0,0,0,0
0,0,0,0,1,0,0,0,0,0,1,0,0,0,0,1
1,0,0,0,0,0,0,0,0,0,0,0,0,0,0,1
0,0,1,0,0,0,0,0,0,0,0,0,0,0,1,0
1,0,0,0,0,0,0,1,0,0,0,0,0,0,0,0
0,0,0,0,1,0,0,0,0,0,0,1,0,0,0,0
0,0,0,0,1,0,0,0,0,0,0,0,0,0,0,0
0,1,0,0,0,0,0,0,0,0,0,0,0,0,0,0
0,0,0,0,1,0,0,0,0,0,0,1,0,0,0,0
0,0,0,0,1,0,0,0,0,0,1,0,0,1,0,0
0,0,0,0,0,1,1,0,0,1,0,1,0,0,0,0
0,0,0,0,1,0,1,0,0,0,0,1,1,0,1,0
0,1,0,0,0,0,1,0,0,1,0,0,0,1,0,0
1,0,0,0,0,0,0,1,0,0,0,0,0,0,0,0
0,0,0,0,0,1,0,0,0,0,0,0,1,0,0,0
0,0,0,1,0,0,0,0,0,0,0,0,0,0,0,0
0,0,0,0,1,0,0,0,0,0,0,0,1,0,0,0
0,0,0,0,0,1,1,0,0,0,0,0,1,0,0,0
0,0,0,0,1,0,0,0,0,0,0,1,0,0,0,0
0,0,0,0,1,0,0,0,0,0,0,0,1,0,0,0
1,0,0,0,0,0,1,0,0,0,0,1,0,1,0,0
0,0,0,0,1,0,0,0,0,0,0,0,0,1,0,0
0,0,0,1,0,0,0,0,0,0,0,0,0,0,1,0
0,0,1,0,0,0,0,0,0,0,0,0,0,0,0,0
0,0,0,0,1,0,0,0,0,0,1,0,0,1,0,0
0,0,0,0,1,0,0,0,0,0,0,0,0,0,0,0
0,0,0,0,0,1,0,1,0,0,0,0,0,0,1,0
1,0,0,0,0,0,0,0,0,0,0,0,1,0,0,0
0,1,0,0,0,0,0,0,0,0,0,1,1,0,0,0
0,1,0,0,0,0,0,0,0,0,0,0,0,0,1,0
0,0,0,0,0,1,0,0,0,0,0,0,1,0,0,0
0,1,0,0,0,0,0,1,0,0,0,0,0,0,0,0
0,0,0,0,1,0,0,0,0,0,0,0,0,0,0,1
0,0,0,1,0,0,0,0,0,0,0,0,0,0,0,1
0,0,0,0,0,1,0,0,0,0,0,1,0,0,0,0
0,1,0,0,0,0,0,0,1,0,0,0,1,0,1,0
0,0,1,0,0,0,0,0,0,0,1,0,0,1,1,0
1,0,0,0,0,0,0,0,0,1,1,0,0,1,0,0
0,1,0,0,0,0,0,0,0,0,0,1,0,0,0,1
0,0,0,1,0,0,0,0,0,0,0,0,0,0,0,1
0,0,0,0,1,0,0,0,0,0,0,0,0,0,0,0
0,0,0,1,0,0,0,0,0,0,0,1,1,0,1,0
0,0,0,1,0,0,0,0,0,0,0,1,0,0,0,1
0,0,0,0,1,0,1,0,0,0,0,1,0,0,1,0
0,0,0,0,0,1,1,0,0,0,0,0,1,0,0,0
1,0,0,0,0,0,0,1,0,1,0,0,1,0,0,0
1,0,0,0,0,0,0,0,0,0,0,0,1,0,0,0
0,0,0,0,0,1,0,0,0,0,0,0,0,0,0,0
1,0,0,0,0,0,0,0,0,0,0,0,0,0,0,0
0,0,1,0,0,0,0,0,0,0,1,0,0,0,0,0
0,0,0,1,0,0,1,0,0,0,0,0,0,1,0,1
1,0,0,0,0,0,0,1,0,0,0,1,0,0,0,0
0,0,0,1,0,0,0,0,0,0,0,1,0,0,0,0
0,0,0,0,0,1,0,0,0,0,0,0,0,0,0,0
0,0,0,0,0,1,0,0,0,1,0,0,0,0,1,0
0,0,0,0,0,1,0,0,0,0,0,0,0,0,0,0
0,0,0,0,1,0,0,0,0,0,0,0,0,0,0,0
0,0,0,0,1,0,0,0,0,0,0,0,0,0,0,0
0,0,0,0,0,1,0,0,0,0,0,0,1,0,0,0
1,0,0,0,0,0,0,0,0,0,0,0,0,0,0,1
0,0,0,0,1,0,0,0,0,0,0,0,0,0,0,1
1,0,0,0,0,0,0,0,0,0,0,0,0,0,0,0
0,0,0,0,0,1,0,0,0,0,1,0,0,0,0,0
0,1,0,0,0,0,1,0,0,0,0,1,0,0,0,0
0,0,0,0,0,1,0,0,0,0,0,0,0,0,0,0
0,1,0,0,0,0,0,0,0,0,0,1,0,0,0,0
1,0,0,0,0,0,0,0,0,0,0,0,0,0,0,0
0,1,0,0,0,0,0,0,0,0,0,0,0,0,0,0
0,0,0,1,0,0,1,1,0,0,0,0,0,0,1,0
1,0,0,0,0,0,0,0,0,0,0,0,1,0,0,0
0,0,0,1,0,0,0,0,0,0,1,0,0,1,0,0
0,0,0,0,0,1,0,0,1,1,0,0,1,0,0,0
1,0,0,0,0,0,0,0,0,0,0,0,0,0,0,0
0,1,0,0,0,0,0,0,0,0,0,0,0,0,0,0
0,0,0,0,0,1,0,1,0,0,1,0,0,0,0,0
0,1,0,0,0,0,0,0,1,0,0,0,0,0,0,1
0,0,0,1,0,0,0,0,0,0,0,1,0,0,0,0
1,0,0,0,0,0,0,0,0,0,0,0,0,0,0,0
0,0,0,1,0,0,1,0,0,0,0,1,0,0,0,0
1,0,0,0,0,0,1,1,0,0,0,0,0,0,0,0
0,1,0,0,0,0,1,0,0,1,0,0,0,0,0,0
0,0,0,1,0,0,0,0,0,0,0,0,0,0,0,1
1,0,0,0,0,0,0,0,0,0,0,1,0,0,0,0
0,0,0,0,1,0,0,0,1,0,0,0,0,0,1,0
0,0,0,0,0,1,0,0,0,0,0,0,0,0,0,0
0,0,0,1,0,0,0,1,0,0,0,1,0,0,0,0
0,1,0,0,0,0,0,0,0,0,0,0,0,0,0,0
0,0,0,0,1,0,0,0,0,1,0,0,0,1,0,0
0,0,0,0,0,1,0,0,0,0,0,0,0,1,0,0
0,0,0,0,0,1,0,0,0,0,0,0,0,0,0,0
0,0,0,0,0,1,1,0,0,0,0,0,0,1,0,0
0,0,0,0,0,1,1,0,0,1,0,0,0,0,1,0
0,1,0,0,0,0,0,0,0,0,1,0,1,0,0,0
0,0,0,0,1,0,0,0,1,1,0,0,1,0,0,0
0,0,0,0,0,1,1,0,0,0,0,0,0,1,0,0
0,1,0,0,0,0,0,0,0,0,1,0,0,0,0,0
0,0,0,1,0,0,0,0,0,0,0,0,0,0,0,0
0,0,0,0,0,1,0,0,0,0,0,0,0,0,0,1
0,0,0,1,0,0,0,0,0,0,0,0,1,0,0,0
0,0,0,1,0,0,0,0,0,0,0,0,0,0,0,0
0,0,0,0,1,0,0,0,1,0,0,0,0,0,0,1
1,0,0,0,0,0,0,1,0,0,0,0,0,0,0,0
0,0,0,1,0,0,0,0,0,0,0,0,1,0,0,0
1,0,0,0,0,0,0,0,0,0,0,0,0,0,0,0
0,0,0,0,1,0,0,0,0,0,0,0,1,0,0,0
0,1,0,0,0,0,0,0,0,0,0,1,0,0,0,0
1,0,0,0,0,0,0,0,0,0,0,0,0,1,0,0
0,0,0,0,1,0,0,0,0,0,0,0,0,0,0,0
0,0,0,0,1,0,0,0,0,0,0,1,0,0,0,0
1,0,0,0,0,0,0,0,0,0,1,0,0,0,0,1
0,0,0,0,1,0,0,0,0,0,0,1,0,0,0,0
1,0,0,0,0,0,0,0,0,0,0,1,0,0,0,0
1,0,0,0,0,0,0,1,0,0,0,0,0,0,0,1
0,1,0,0,0,0,1,0,0,1,0,0,0,0,0,0
0,0,0,0,0,1,1,0,0,1,0,1,0,0,0,0
0,0,0,0,1,0,0,0,1,0,0,0,1,0,1,1
0,0,0,0,0,1,0,0,0,0,0,0,0,0,0,1
1,0,0,0,0,0,0,0,0,0,0,0,0,1,0,0
0,1,0,0,0,0,0,0,1,0,0,0,0,1,0,0
1,0,0,0,0,0,0,1,0,0,0,0,0,1,0,0
0,0,0,0,1,0,0,0,0,0,0,0,0,0,0,0
1,0,0,0,0,0,0,1,1,0,0,0,0,0,0,0
0,0,1,0,0,0,0,0,0,1,1,0,0,1,0,0
0,0,0,0,0,1,0,1,0,0,0,0,0,0,0,0
0,0,0,0,1,0,0,0,0,0,0,0,0,1,0,0
0,0,0,0,1,0,1,0,0,0,1,0,0,0,1,1
0,0,0,0,1,0,0,0,0,0,0,0,0,0,0,0
0,0,0,1,0,0,0,0,1,0,0,0,0,0,0,0
0,0,0,0,0,1,0,0,0,0,0,1,0,0,0,0
0,0,0,0,1,0,0,0,0,0,0,0,0,0,0,0
0,0,0,1,0,0,0,0,0,0,0,0,1,0,0,0
1,0,0,0,0,0,0,0,0,0,1,0,0,0,0,0
0,0,0,1,0,0,0,0,0,0,0,0,0,0,0,1
0,0,0,0,1,0,0,0,0,0,0,0,0,0,0,0
0,0,0,0,1,0,0,0,0,0,0,1,1,0,1,0
1,0,0,0,0,0,0,0,0,0,0,0,0,0,0,0
0,0,0,0,1,0,0,1,0,0,0,0,0,0,0,0
0,0,0,0,0,1,0,0,0,0,0,0,0,0,0,0
0,0,0,0,0,1,0,0,0,0,1,0,0,0,0,0
1,0,0,0,0,0,0,0,0,0,1,0,0,0,0,1
0,0,0,0,1,0,0,0,0,0,0,0,0,0,0,0
0,0,0,0,1,0,0,0,0,1,0,0,0,0,0,0
0,1,0,0,0,0,0,0,0,0,0,0,0,0,0,0
0,0,0,0,0,1,0,0,1,0,0,0,0,0,1,0
0,0,1,0,0,0,0,1,1,1,0,0,0,1,0,0
0,1,0,0,0,0,0,0,0,0,0,0,0,0,0,1
1,0,0,0,0,0,0,0,1,0,0,0,0,0,0,0
0,0,0,0,1,0,0,0,0,0,0,0,0,0,0,1
0,0,0,0,0,1,0,0,0,0,0,0,0,1,0,1
1,0,0,0,0,0,0,0,0,1,0,0,1,0,0,0
1,0,0,0,0,0,0,1,1,0,0,0,0,0,1,0
1,0,0,0,0,0,0,1,0,0,0,0,0,0,0,0
0,1,0,0,0,0,0,0,0,1,0,0,0,0,0,0
1,0,0,0,0,0,0,0,0,0,1,0,0,0,0,0
0,1,0,0,0,0,0,0,0,0,0,0,0,0,0,0
0,1,0,0,0,0,0,0,0,0,0,0,0,0,0,0
0,1,0,0,0,0,0,0,0,0,0,1,0,0,0,0
